sleep_response,sleep,slpnaps,totwrk,educ,age,agesq,male,marr,yngkid,gdhlth,inlf,hrwage,lhrwage,work_hours_week,sleep_hours_week,sleep_hours_day,wage_observed,not_in_labor_force
3113,3113,3163,3438,12,32,1024,1,1,0,0,1,7.070003509521484,1.95586097240448,57.3,51.88333333333333,7.411904761904762,1,0
2920,2920,2920,5020,14,31,961,1,0,0,1,1,1.4299993515014648,0.3576740026473999,83.66666666666667,48.666666666666664,6.9523809523809526,1,0
2670,2670,2760,2815,17,44,1936,1,1,0,1,1,20.52999687194824,3.0218870639801025,46.916666666666664,44.5,6.357142857142858,1,0
3083,3083,3083,3786,12,30,900,0,1,0,1,1,9.61999797821045,2.2638440132141118,63.1,51.38333333333333,7.340476190476191,1,0
3448,3448,3493,2580,14,64,4096,1,1,0,1,1,2.750000238418579,1.0116009712219238,43.0,57.46666666666667,8.209523809523809,1,0
4063,4063,4078,1205,12,41,1681,1,1,0,1,1,19.249998092651367,2.9575109481811523,20.083333333333332,67.71666666666667,9.673809523809524,1,0
3180,3180,3810,2113,12,35,1225,1,1,1,1,1,1.43999981880188,0.3646430075168609,35.21666666666667,53.0,7.571428571428571,1,0
2928,2928,3003,3608,13,47,2209,1,1,0,1,1,15.01000690460205,2.708717107772827,60.13333333333333,48.8,6.9714285714285715,1,0
3368,3368,3368,2353,17,32,1024,1,1,0,1,1,4.329997539520264,1.4655669927597046,39.21666666666667,56.13333333333333,8.019047619047619,1,0
3018,3018,3168,2851,15,30,900,1,1,0,1,1,2.959999084472656,1.0851889848709106,47.516666666666666,50.3,7.185714285714286,1,0
1575,1575,1988,6415,8,43,1849,1,1,0,1,1,2.400000810623169,0.8754690289497375,106.91666666666667,26.25,3.75,1,0
3295,3295,3355,370,16,23,529,0,1,0,1,1,1.2299997806549072,0.2070139944553375,6.166666666666667,54.916666666666664,7.845238095238096,1,0
3798,3798,3798,2438,16,24,576,1,1,0,1,1,1.2299997806549072,0.2070139944553375,40.63333333333333,63.3,9.042857142857143,1,0
3008,3008,3008,2693,5,48,2304,1,1,0,1,1,5.610001564025879,1.72455096244812,44.88333333333333,50.13333333333333,7.161904761904762,1,0
3248,3248,3248,2526,12,33,1089,1,1,0,1,1,3.130000114440918,1.1410330533981323,42.1,54.13333333333333,7.733333333333333,1,0
3683,3683,3683,2950,12,23,529,1,1,0,0,1,2.309998750686645,0.8372470140457153,49.166666666666664,61.38333333333333,8.769047619047619,1,0
3201,3201,3201,3003,17,46,2116,1,1,0,1,1,9.90000343322754,2.2925350666046143,50.05,53.35,7.621428571428571,1,0
2580,2580,2580,4011,14,37,1369,1,1,1,1,1,3.9599997997283936,1.3762439489364624,66.85,43.0,6.142857142857142,1,0
3420,3420,3525,2300,12,53,2809,1,1,0,1,1,3.2999985218048096,1.1939220428466797,38.333333333333336,57.0,8.142857142857142,1,0
3090,3090,3090,1543,17,45,2025,1,1,0,1,1,14.850001335144045,2.697999954223633,25.716666666666665,51.5,7.357142857142858,1,0
2760,2760,2760,3473,17,46,2116,1,0,0,1,1,35.509986877441406,3.569813966751098,57.88333333333333,46.0,6.571428571428571,1,0
2880,2880,3030,3276,13,40,1600,1,1,0,1,1,5.329998970031738,1.6733510494232178,54.6,48.0,6.857142857142858,1,0
3470,3470,3560,2506,12,53,2809,1,1,0,1,1,3.2699999809265137,1.184790015220642,41.766666666666666,57.833333333333336,8.261904761904763,1,0
2673,2673,2673,2651,13,29,841,1,0,0,1,1,5.060002326965332,1.6213669776916504,44.18333333333333,44.55,6.364285714285714,1,0
2820,2820,2850,4580,12,29,841,1,1,0,1,1,2.4900007247924805,0.9122830033302308,76.33333333333333,47.0,6.7142857142857135,1,0
2873,2873,3243,3588,12,53,2809,1,1,0,1,1,5.319998741149902,1.6714730262756348,59.8,47.88333333333333,6.840476190476191,1,0
1905,1905,1905,3418,13,28,784,1,1,0,1,1,2.689999580383301,0.989540994167328,56.96666666666667,31.75,4.5357142857142865,1,0
2926,2926,3001,2250,12,35,1225,0,0,0,1,1,2.689999580383301,0.989540994167328,37.5,48.766666666666666,6.966666666666667,1,0
2603,2603,2603,2638,12,36,1296,1,1,1,1,1,2.959999084472656,1.0851889848709106,43.96666666666667,43.38333333333333,6.197619047619047,1,0
3238,3238,3292,3173,12,59,3481,1,1,0,0,1,3.4600014686584477,1.2412689924240112,52.88333333333333,53.96666666666667,7.70952380952381,1,0
3888,3888,3933,3446,12,26,676,1,1,0,1,1,3.4600014686584477,1.2412689924240112,57.43333333333333,64.8,9.257142857142858,1,0
2716,2716,2716,3588,16,24,576,1,1,0,1,1,4.230000019073486,1.4422019720077517,59.8,45.266666666666666,6.466666666666667,1,0
3245,3245,3275,2961,16,28,784,1,0,0,1,1,4.809999465942383,1.5706969499588013,49.35,54.083333333333336,7.726190476190476,1,0
3158,3158,3158,2778,16,39,1521,1,1,0,1,1,24.629993438720703,3.203964948654175,46.3,52.63333333333333,7.51904761904762,1,0
3105,3105,3165,3080,17,33,1089,1,1,0,1,1,19.249998092651367,2.9575109481811523,51.333333333333336,51.75,7.392857142857142,1,0
3515,3515,3665,3556,17,28,784,1,0,0,1,1,3.84999942779541,1.3480730056762695,59.266666666666666,58.583333333333336,8.369047619047619,1,0
3330,3330,3330,2788,12,33,1089,1,1,0,1,1,7.6999969482421875,2.04121994972229,46.46666666666667,55.5,7.928571428571429,1,0
4153,4153,5128,1100,12,47,2209,1,1,0,1,1,5.389997959136963,1.6845450401306152,18.333333333333332,69.21666666666667,9.88809523809524,1,0
2955,2955,2955,3116,16,31,961,1,1,1,1,1,4.620001316070557,1.5303950309753418,51.93333333333333,49.25,7.0357142857142865,1,0
2200,2200,2838,2506,12,26,676,1,0,0,0,1,3.84999942779541,1.3480730056762695,41.766666666666666,36.666666666666664,5.238095238095238,1,0
2885,2885,3073,2763,15,31,961,1,1,0,1,1,5.389997959136963,1.6845450401306152,46.05,48.083333333333336,6.8690476190476195,1,0
3345,3345,3495,3048,16,38,1444,1,1,0,1,1,7.6999969482421875,2.04121994972229,50.8,55.75,7.9642857142857135,1,0
2765,2765,2978,2511,17,44,1936,0,0,0,1,1,2.159999370574951,0.7701079845428467,41.85,46.083333333333336,6.583333333333333,1,0
3928,3928,3953,3268,12,49,2401,1,1,0,0,1,6.080001354217529,1.8050049543380735,54.46666666666667,65.46666666666667,9.352380952380951,1,0
2833,2833,3406,3242,11,56,3136,1,1,0,1,1,5.769999504089356,1.7526719570159912,54.03333333333333,47.21666666666667,6.745238095238095,1,0
3750,3750,3750,2550,12,41,1681,1,1,0,1,1,5.769999504089356,1.7526719570159912,42.5,62.5,8.928571428571427,1,0
3328,3328,3328,3188,12,36,1296,1,1,0,1,1,5.769999504089356,1.7526719570159912,53.13333333333333,55.46666666666667,7.923809523809524,1,0
3795,3795,3848,1555,9,36,1296,1,1,0,1,1,7.419999599456787,2.004179000854492,25.916666666666668,63.25,9.035714285714285,1,0
3363,3363,3513,2743,12,37,1369,1,1,0,1,1,4.329997539520264,1.4655669927597046,45.71666666666667,56.05,8.007142857142858,1,0
2280,2280,2280,5043,9,23,529,1,1,0,0,1,4.539999961853027,1.5129270553588867,84.05,38.0,5.428571428571429,1,0
4151,4151,4176,3570,10,29,841,1,1,0,1,1,3.2999985218048096,1.1939220428466797,59.5,69.18333333333334,9.883333333333333,1,0
3266,3266,3266,2883,17,29,841,1,0,0,1,1,4.739999294281006,1.5560369491577148,48.05,54.43333333333333,7.776190476190476,1,0
3570,3570,3570,2398,16,26,676,1,1,0,1,1,3.390000104904175,1.220829963684082,39.96666666666667,59.5,8.5,1,0
2885,2885,2885,2663,16,29,841,1,1,1,1,1,7.349997520446777,1.9946999549865725,44.38333333333333,48.083333333333336,6.8690476190476195,1,0
2879,2879,2879,2363,17,25,625,1,0,0,1,1,3.1500017642974854,1.1474030017852783,39.38333333333333,47.983333333333334,6.854761904761904,1,0
2790,2790,2790,1800,14,24,576,0,0,0,1,1,1.0499998331069946,0.0487900003790855,30.0,46.5,6.642857142857142,1,0
2799,2799,2799,2700,16,23,529,1,1,0,1,1,8.400002479553223,2.128232002258301,45.0,46.65,6.664285714285714,1,0
3173,3173,3211,3031,12,28,784,1,1,0,1,1,5.460000991821289,1.697448968887329,50.516666666666666,52.88333333333333,7.554761904761905,1,0
3308,3308,3308,2438,17,29,841,1,1,1,1,1,5.460000991821289,1.697448968887329,40.63333333333333,55.13333333333333,7.876190476190476,1,0
3305,3305,3305,2620,12,39,1521,1,1,0,1,1,8.400002479553223,2.128232002258301,43.666666666666664,55.083333333333336,7.8690476190476195,1,0
2975,2975,3646,2698,12,31,961,0,0,0,1,1,2.7999987602233887,1.0296189785003662,44.96666666666667,49.583333333333336,7.083333333333333,1,0
3316,3316,3466,2970,8,50,2500,1,1,0,1,1,4.28000020980835,1.4539530277252195,49.5,55.266666666666666,7.895238095238096,1,0
3226,3226,3226,2430,10,36,1296,1,1,0,1,1,3.05000114440918,1.115141987800598,40.5,53.766666666666666,7.68095238095238,1,0
3635,3635,3635,2250,12,28,784,0,1,0,1,1,2.43999981880188,0.8919979929924011,37.5,60.583333333333336,8.654761904761905,1,0
3233,3233,3683,2888,11,50,2500,1,1,0,1,1,5.179999351501465,1.6448049545288086,48.13333333333333,53.88333333333333,7.697619047619047,1,0
3348,3348,3348,1345,12,50,2500,1,1,0,1,1,7.990002155303955,2.078191041946411,22.416666666666668,55.8,7.9714285714285715,1,0
2630,2630,2630,2925,13,50,2500,0,0,0,1,1,5.999997138977051,1.791759014129639,48.75,43.833333333333336,6.261904761904762,1,0
2858,2858,2858,3976,12,55,3025,0,0,0,1,1,3.229999542236328,1.1724820137023926,66.26666666666667,47.63333333333333,6.804761904761905,1,0
3203,3203,3271,2205,16,34,1156,0,1,0,1,1,3.229999542236328,1.1724820137023926,36.75,53.38333333333333,7.626190476190476,1,0
3451,3451,3551,1208,12,44,1936,1,0,0,1,1,5.999997138977051,1.791759014129639,20.133333333333333,57.516666666666666,8.216666666666667,1,0
3008,3008,3008,2905,16,30,900,1,1,1,1,1,5.769999504089356,1.7526719570159912,48.416666666666664,50.13333333333333,7.161904761904762,1,0
2821,2821,2851,3825,9,23,529,1,1,0,1,1,2.7699990272521973,1.0188469886779783,63.75,47.016666666666666,6.716666666666667,1,0
3525,3525,3680,2348,16,32,1024,1,1,1,1,1,5.540002822875977,1.711995005607605,39.13333333333333,58.75,8.392857142857142,1,0
3150,3150,3210,1825,15,40,1600,1,1,0,1,1,8.310003280639648,2.117460012435913,30.416666666666668,52.5,7.5,1,0
3113,3113,3113,2563,10,34,1156,0,1,0,1,1,2.7699990272521973,1.0188469886779783,42.71666666666667,51.88333333333333,7.411904761904762,1,0
2816,2816,2816,2576,16,23,529,0,1,0,1,1,5.540002822875977,1.711995005607605,42.93333333333333,46.93333333333333,6.704761904761905,1,0
3105,3105,3105,2275,12,24,576,1,1,1,1,1,5.540002822875977,1.711995005607605,37.916666666666664,51.75,7.392857142857142,1,0
3605,3605,3605,3595,12,39,1521,1,1,0,1,1,5.540002822875977,1.711995005607605,59.916666666666664,60.083333333333336,8.583333333333334,1,0
3611,3611,3611,2575,17,39,1521,1,0,0,1,1,7.850003242492676,2.060513973236084,42.916666666666664,60.18333333333333,8.597619047619048,1,0
3128,3128,3128,2843,16,33,1089,1,1,0,1,1,7.850003242492676,2.060513973236084,47.38333333333333,52.13333333333333,7.447619047619047,1,0
3213,3213,3213,2188,12,31,961,1,1,0,1,1,7.850003242492676,2.060513973236084,36.46666666666667,53.55,7.65,1,0
3860,3860,6110,0,14,37,1369,1,1,0,1,1,2.539999723434448,0.9321640133857728,0.0,64.33333333333333,9.190476190476192,1,0
4275,4275,4388,2248,6,60,3600,0,1,0,0,1,1.2700001001358032,0.2390169948339462,37.46666666666667,71.25,10.178571428571427,1,0
3076,3076,3701,2876,12,43,1849,1,1,0,1,1,7.619997501373291,2.030776023864746,47.93333333333333,51.266666666666666,7.323809523809524,1,0
4313,4313,4313,2758,16,34,1156,1,1,1,1,1,7.390002250671387,2.000128030776977,45.96666666666667,71.88333333333334,10.269047619047619,1,0
2885,2885,2885,2578,16,37,1369,1,1,0,1,1,4.620001316070557,1.5303950309753418,42.96666666666667,48.083333333333336,6.8690476190476195,1,0
3165,3165,3165,2163,17,50,2500,1,0,0,1,1,16.170005798339844,2.78315806388855,36.05,52.75,7.5357142857142865,1,0
3105,3105,3555,4075,12,32,1024,1,1,0,1,1,2.309998750686645,0.8372470140457153,67.91666666666667,51.75,7.392857142857142,1,0
3063,3063,3103,2388,12,47,2209,1,1,0,1,1,6.930001735687256,1.93586003780365,39.8,51.05,7.292857142857143,1,0
3368,3368,3368,2048,17,35,1225,1,1,1,1,1,6.930001735687256,1.93586003780365,34.13333333333333,56.13333333333333,8.019047619047619,1,0
3415,3415,3415,2935,16,62,3844,1,1,0,1,1,4.620001316070557,1.5303950309753418,48.916666666666664,56.916666666666664,8.130952380952381,1,0
3508,3508,3508,2400,16,38,1444,1,1,1,1,1,11.550006866455078,2.446686029434204,40.0,58.46666666666667,8.352380952380953,1,0
2788,2788,2908,2325,16,51,2601,1,0,0,1,1,8.330004692077637,2.119863986968994,38.75,46.46666666666667,6.638095238095238,1,0
3180,3180,3385,2108,12,32,1024,1,0,0,1,1,4.990000247955322,1.607435941696167,35.13333333333333,53.0,7.571428571428571,1,0
3123,3123,3123,2483,12,49,2401,1,1,0,1,1,4.87000036239624,1.5830940008163452,41.38333333333333,52.05,7.435714285714286,1,0
3388,3388,3613,1913,17,36,1296,1,1,0,1,1,6.46999979019165,1.8671760559082031,31.883333333333333,56.46666666666667,8.066666666666666,1,0
3610,3610,3610,1738,17,41,1681,1,1,0,1,1,6.46999979019165,1.8671760559082031,28.966666666666665,60.166666666666664,8.595238095238095,1,0
3351,3351,3456,3671,12,34,1156,1,1,1,1,1,2.080000162124634,0.732367992401123,61.18333333333333,55.85,7.978571428571429,1,0
2653,2653,3088,3225,12,36,1296,1,1,0,1,1,4.159999847412109,1.425515055656433,53.75,44.21666666666667,6.316666666666666,1,0
3413,3413,3533,4058,16,31,961,1,1,1,1,1,4.159999847412109,1.425515055656433,67.63333333333334,56.88333333333333,8.126190476190477,1,0
3218,3218,3278,2713,12,38,1444,1,1,0,1,1,5.269998073577881,1.6620299816131592,45.21666666666667,53.63333333333333,7.661904761904762,1,0
3045,3045,3045,2982,12,32,1024,1,1,1,1,1,3.700000762939453,1.3083330392837524,49.7,50.75,7.25,1,0
3433,3433,3808,3025,12,35,1225,1,1,0,1,1,3.700000762939453,1.3083330392837524,50.416666666666664,57.21666666666667,8.173809523809524,1,0
3730,3730,3888,2213,16,23,529,0,1,0,1,1,2.6599998474121094,0.9783260226249696,36.88333333333333,62.166666666666664,8.880952380952381,1,0
2970,2970,2970,2125,15,27,729,1,1,1,1,1,1.390000343322754,0.3293040096759796,35.416666666666664,49.5,7.071428571428571,1,0
3475,3475,3475,2313,12,47,2209,0,1,0,1,1,0.959999978542328,-0.0408219993114471,38.55,57.916666666666664,8.273809523809524,1,0
3430,3430,3430,3140,11,39,1521,1,1,0,1,1,1.919999599456787,0.6523249745368958,52.333333333333336,57.166666666666664,8.166666666666666,1,0
2910,2910,2940,625,14,34,1156,0,1,1,1,1,1.43999981880188,0.3646430075168609,10.416666666666666,48.5,6.928571428571429,1,0
3570,3570,3577,2350,7,52,2704,1,1,0,1,1,2.599998712539673,0.9555109739303588,39.166666666666664,59.5,8.5,1,0
3060,3060,3345,2745,12,45,2025,1,1,0,1,1,6.250003337860107,1.8325819969177248,45.75,51.0,7.2857142857142865,1,0
3495,3495,3660,2038,17,61,3721,1,1,0,1,1,5.769999504089356,1.7526719570159912,33.96666666666667,58.25,8.321428571428571,1,0
2970,2970,2970,2880,12,44,1936,0,0,0,0,1,5.769999504089356,1.7526719570159912,48.0,49.5,7.071428571428571,1,0
3008,3008,3423,3331,8,51,2601,1,1,0,0,1,5.769999504089356,1.7526719570159912,55.516666666666666,50.13333333333333,7.161904761904762,1,0
3428,3428,3428,1175,15,49,2401,0,1,0,1,1,4.809999465942383,1.5706969499588013,19.583333333333332,57.13333333333333,8.161904761904761,1,0
3288,3288,3288,1605,10,64,4096,1,1,0,1,1,4.809999465942383,1.5706969499588013,26.75,54.8,7.828571428571428,1,0
2400,2400,2400,3146,12,30,900,1,1,1,1,1,9.61999797821045,2.2638440132141118,52.43333333333333,40.0,5.7142857142857135,1,0
3070,3070,3100,3135,12,36,1296,1,1,0,1,1,9.61999797821045,2.2638440132141118,52.25,51.166666666666664,7.309523809523809,1,0
2250,2250,2250,4065,15,26,676,0,1,1,1,1,4.329997539520264,1.4655669927597046,67.75,37.5,5.357142857142858,1,0
3323,3323,3628,2968,8,44,1936,1,1,0,0,1,8.660002708435059,2.158715009689331,49.46666666666667,55.38333333333333,7.911904761904762,1,0
3023,3023,3023,2791,12,28,784,1,0,0,1,1,4.090000152587891,1.4085450172424316,46.516666666666666,50.38333333333333,7.197619047619047,1,0
3505,3505,3505,2398,13,59,3481,1,1,0,1,1,32.47998046875,3.480623960494995,39.96666666666667,58.416666666666664,8.345238095238095,1,0
3503,3503,3503,1588,12,35,1225,1,1,0,1,1,5.400000095367432,1.686398983001709,26.466666666666665,58.38333333333333,8.34047619047619,1,0
3370,3370,3370,2611,12,56,3136,1,1,0,1,1,3.6100008487701416,1.2837079763412476,43.516666666666666,56.166666666666664,8.023809523809524,1,0
3120,3120,3120,2948,12,38,1444,1,1,0,1,1,7.220000743865967,1.9768550395965576,49.13333333333333,52.0,7.428571428571429,1,0
3308,3308,3308,3038,17,28,784,1,1,0,1,1,7.220000743865967,1.9768550395965576,50.63333333333333,55.13333333333333,7.876190476190476,1,0
3398,3398,3421,1655,14,50,2500,0,1,0,1,1,3.3700008392333984,1.214913010597229,27.583333333333332,56.63333333333333,8.09047619047619,1,0
3333,3333,3393,2560,8,46,2116,1,1,0,1,1,6.740000247955322,1.9080599546432493,42.666666666666664,55.55,7.935714285714286,1,0
2728,2728,2923,1175,16,28,784,0,0,0,1,1,3.540000915527344,1.2641270160675049,19.583333333333332,45.46666666666667,6.495238095238095,1,0
3256,3256,3256,1350,12,28,784,1,1,1,0,1,2.8900015354156494,1.061257004737854,22.5,54.266666666666666,7.752380952380952,1,0
3250,3250,3545,3598,12,36,1296,0,1,0,1,1,1.6600006818771362,0.5068179965019226,59.96666666666667,54.166666666666664,7.738095238095238,1,0
2915,2915,2915,2638,16,47,2209,1,1,0,1,1,10.320002555847168,2.3340840339660645,43.96666666666667,48.583333333333336,6.940476190476191,1,0
4170,4170,4290,3230,14,40,1600,1,1,0,1,1,3.4399983882904053,1.23547101020813,53.833333333333336,69.5,9.928571428571427,1,0
3030,3030,3030,3311,14,42,1764,1,1,0,1,1,12.779993057250977,2.547880887985229,55.18333333333333,50.5,7.2142857142857135,1,0
3668,3668,3668,2218,16,41,1681,0,0,0,1,1,4.669999599456787,1.5411590337753296,36.96666666666667,61.13333333333333,8.733333333333333,1,0
2303,2303,2303,3699,17,44,1936,1,1,0,1,1,5.899998188018799,1.774952054023743,61.65,38.38333333333333,5.483333333333333,1,0
3618,3618,3688,3569,16,53,2809,0,1,0,1,1,2.459999322891236,0.9001610279083252,59.483333333333334,60.3,8.614285714285716,1,0
3316,3316,3466,1775,11,39,1521,1,1,0,1,1,4.020000457763672,1.3912819623947144,29.583333333333332,55.266666666666666,7.895238095238096,1,0
3601,3601,3676,283,12,26,676,0,1,0,1,1,0.5099997520446777,-0.6733450293540955,4.716666666666667,60.016666666666666,8.573809523809524,1,0
2413,2413,2413,400,12,25,625,0,1,0,0,1,1.0600000619888306,0.0582690015435218,6.666666666666667,40.21666666666667,5.745238095238095,1,0
2771,2771,2771,3533,6,32,1024,1,1,1,1,1,2.0500004291534424,0.7178400158882141,58.88333333333333,46.18333333333333,6.597619047619047,1,0
3383,3383,3748,2638,12,32,1024,1,1,0,1,1,2.820000171661377,1.0367369651794434,43.96666666666667,56.38333333333333,8.054761904761905,1,0
3808,3808,3808,1175,17,24,576,0,1,0,0,1,2.820000171661377,1.0367369651794434,19.583333333333332,63.46666666666667,9.066666666666666,1,0
3363,3363,3363,2426,12,56,3136,1,1,0,1,1,3.589999198913574,1.2781519889831543,40.43333333333333,56.05,8.007142857142858,1,0
3675,3675,3675,2113,10,34,1156,1,1,0,1,1,3.589999198913574,1.2781519889831543,35.21666666666667,61.25,8.75,1,0
3120,3120,3195,2477,13,23,529,1,1,1,1,1,4.359999656677246,1.4724719524383545,41.28333333333333,52.0,7.428571428571429,1,0
3536,3536,3536,2375,12,29,841,0,1,0,1,1,8.71999740600586,2.165618896484375,39.583333333333336,58.93333333333333,8.41904761904762,1,0
3253,3253,3253,2813,12,27,729,1,1,0,1,1,5.130001544952393,1.6351059675216677,46.88333333333333,54.21666666666667,7.745238095238095,1,0
2885,2885,2945,2625,10,58,3364,1,0,0,1,1,5.130001544952393,1.6351059675216677,43.75,48.083333333333336,6.8690476190476195,1,0
2560,2560,2560,3018,12,56,3136,1,1,0,1,1,5.130001544952393,1.6351059675216677,50.3,42.666666666666664,6.095238095238096,1,0
2985,2985,3007,4335,14,37,1369,1,1,0,1,1,6.670000553131104,1.8976199626922607,72.25,49.75,7.107142857142858,1,0
3095,3095,3095,3105,12,51,2601,0,1,0,0,1,6.670000553131104,1.8976199626922607,51.75,51.583333333333336,7.3690476190476195,1,0
2985,2985,2985,3194,12,50,2500,1,1,0,1,1,6.259998798370361,1.8341799974441528,53.233333333333334,49.75,7.107142857142858,1,0
2243,2243,2243,2713,16,39,1521,1,1,0,1,1,8.210001945495605,2.105353116989136,45.21666666666667,37.38333333333333,5.340476190476191,1,0
2838,2838,3383,2338,12,48,2304,1,1,0,1,1,8.210001945495605,2.105353116989136,38.96666666666667,47.3,6.757142857142857,1,0
3375,3375,3375,938,16,50,2500,1,1,0,1,1,11.289996147155762,2.423917055130005,15.633333333333333,56.25,8.035714285714286,1,0
3355,3355,3355,3151,16,26,676,1,1,1,1,1,7.6999969482421875,2.04121994972229,52.516666666666666,55.916666666666664,7.988095238095238,1,0
3743,3743,3865,0,11,51,2601,1,1,0,1,1,6.160001277923584,1.8180769681930544,0.0,62.38333333333333,8.911904761904761,1,0
2701,2701,2741,3695,16,39,1521,1,1,0,1,1,7.6999969482421875,2.04121994972229,61.583333333333336,45.016666666666666,6.43095238095238,1,0
2943,2943,3003,2575,14,54,2916,0,1,0,1,1,3.0800013542175293,1.1249300241470337,42.916666666666664,49.05,7.007142857142857,1,0
3463,3463,3463,2380,12,28,784,1,1,0,1,1,3.84999942779541,1.3480730056762695,39.666666666666664,57.71666666666667,8.245238095238095,1,0
2723,2723,2843,2781,12,37,1369,1,0,0,1,1,4.620001316070557,1.5303950309753418,46.35,45.38333333333333,6.483333333333333,1,0
3875,3875,4205,2088,14,26,676,1,1,1,1,1,4.620001316070557,1.5303950309753418,34.8,64.58333333333333,9.226190476190476,1,0
3115,3115,3115,2892,17,35,1225,1,1,0,1,1,6.160001277923584,1.8180769681930544,48.2,51.916666666666664,7.416666666666667,1,0
2756,2756,3566,1188,15,53,2809,0,0,0,1,1,4.620001316070557,1.5303950309753418,19.8,45.93333333333333,6.561904761904762,1,0
3398,3398,3398,2088,16,53,2809,1,1,0,1,1,15.39999008178711,2.7343668937683105,34.8,56.63333333333333,8.09047619047619,1,0
3098,3098,3098,3480,12,27,729,1,1,0,1,1,6.160001277923584,1.8180769681930544,58.0,51.63333333333333,7.376190476190476,1,0
2991,2991,3111,2588,17,37,1369,1,1,0,1,1,9.600000381469728,2.261763095855713,43.13333333333333,49.85,7.121428571428571,1,0
3215,3215,3215,2688,12,28,784,0,1,0,1,1,3.580000638961792,1.2753629684448242,44.8,53.583333333333336,7.654761904761904,1,0
3611,3611,3761,1445,17,29,841,0,1,0,1,1,5.650002479553223,1.7316559553146362,24.083333333333332,60.18333333333333,8.597619047619048,1,0
3305,3305,3455,3050,12,44,1936,1,1,0,1,1,5.650002479553223,1.7316559553146362,50.833333333333336,55.083333333333336,7.8690476190476195,1,0
3367,3367,3367,2250,12,26,676,0,1,0,1,1,2.43999981880188,0.8919979929924011,37.5,56.11666666666667,8.016666666666667,1,0
2618,2618,2618,2763,16,32,1024,1,0,0,1,1,4.879998683929443,1.5851449966430664,46.05,43.63333333333333,6.233333333333333,1,0
3475,3475,4200,3008,8,59,3481,0,0,0,0,1,4.109999656677246,1.41342294216156,50.13333333333333,57.916666666666664,8.273809523809524,1,0
3618,3618,3618,2941,17,26,676,1,1,0,1,1,3.340000629425049,1.2059710025787354,49.016666666666666,60.3,8.614285714285716,1,0
3460,3460,3545,650,11,32,1024,0,0,0,0,1,2.570000171661377,0.9439060091972352,10.833333333333334,57.666666666666664,8.238095238095237,1,0
3250,3250,3250,2700,14,27,729,1,1,0,1,1,2.570000171661377,0.9439060091972352,45.0,54.166666666666664,7.738095238095238,1,0
2648,2648,3008,2775,9,57,3249,0,0,0,1,1,2.750000238418579,1.0116009712219238,46.25,44.13333333333333,6.304761904761905,1,0
3045,3045,3165,2313,12,26,676,1,1,1,1,1,1.800000548362732,0.5877869725227356,38.55,50.75,7.25,1,0
3065,3065,3065,3003,12,37,1369,1,1,0,0,1,3.670001268386841,1.3001919984817505,50.05,51.083333333333336,7.2976190476190474,1,0
2875,2875,2875,2301,14,24,576,1,1,0,1,1,3.670001268386841,1.3001919984817505,38.35,47.916666666666664,6.845238095238096,1,0
3090,3090,4353,1806,12,33,1089,1,1,0,1,1,6.039999961853027,1.7984039783477783,30.1,51.5,7.357142857142858,1,0
2798,2798,2888,2366,17,33,1089,1,0,0,1,1,4.830002307891846,1.5748469829559326,39.43333333333333,46.63333333333333,6.661904761904762,1,0
3610,3610,3610,2466,14,27,729,1,1,1,1,1,3.219998836517334,1.169381022453308,41.1,60.166666666666664,8.595238095238095,1,0
3403,3403,3838,2648,8,45,2025,1,1,0,1,1,5.409999370574951,1.6882489919662476,44.13333333333333,56.71666666666667,8.102380952380953,1,0
3656,3656,3881,2010,12,32,1024,1,1,0,1,1,5.910001277923584,1.7766460180282593,33.5,60.93333333333333,8.704761904761906,1,0
3348,3348,3348,1760,17,30,900,1,1,1,1,1,8.060004234313965,2.0869140625,29.333333333333332,55.8,7.9714285714285715,1,0
3130,3130,3490,3135,12,35,1225,0,1,0,1,1,1.919999599456787,0.6523249745368958,52.25,52.166666666666664,7.4523809523809526,1,0
3213,3213,4084,1485,10,35,1225,0,0,0,1,1,1.919999599456787,0.6523249745368958,24.75,53.55,7.65,1,0
3855,3855,3855,2463,7,46,2116,1,1,0,0,1,3.020000696182251,1.1052570343017578,41.05,64.25,9.178571428571427,1,0
3138,3138,3183,2351,12,47,2209,1,1,0,1,1,8.520005226135254,2.142416954040528,39.18333333333333,52.3,7.4714285714285715,1,0
3203,3203,3541,2975,12,51,2601,1,0,0,1,1,3.9599997997283936,1.3762439489364624,49.583333333333336,53.38333333333333,7.626190476190476,1,0
2930,2930,3050,1283,10,28,784,1,1,0,1,1,6.600001811981201,1.8870699405670168,21.383333333333333,48.833333333333336,6.976190476190476,1,0
2448,2448,2448,2488,17,47,2209,1,1,0,1,1,8.249999046325684,2.110213041305542,41.46666666666667,40.8,5.828571428571428,1,0
3556,3556,4111,826,12,46,2116,0,1,0,0,1,2.309998750686645,0.8372470140457153,13.766666666666667,59.266666666666666,8.466666666666667,1,0
3660,3660,3660,2575,14,42,1764,0,1,0,1,1,4.50999927520752,1.506296992301941,42.916666666666664,61.0,8.714285714285715,1,0
2536,2536,2536,2326,9,59,3481,0,0,0,1,1,1.1500000953674316,0.1397619992494583,38.766666666666666,42.266666666666666,6.038095238095238,1,0
2828,2828,2945,2700,11,30,900,0,1,0,1,1,1.1500000953674316,0.1397619992494583,45.0,47.13333333333333,6.733333333333333,1,0
3103,3103,3103,1350,12,35,1225,0,0,0,1,1,1.0300002098083496,0.0295589994639158,22.5,51.71666666666667,7.388095238095238,1,0
3730,3730,3730,1175,12,23,529,0,1,0,1,1,1.220000147819519,0.198851004242897,19.583333333333332,62.166666666666664,8.880952380952381,1,0
2840,2840,2840,2353,11,38,1444,0,1,0,1,1,1.43999981880188,0.3646430075168609,39.21666666666667,47.333333333333336,6.761904761904762,1,0
3210,3210,3290,1563,12,61,3721,0,0,0,1,1,1.43999981880188,0.3646430075168609,26.05,53.5,7.642857142857142,1,0
3650,3650,3650,600,8,51,2601,0,0,0,1,1,1.43999981880188,0.3646430075168609,10.0,60.833333333333336,8.690476190476192,1,0
2708,2708,2768,2501,17,55,3025,1,1,0,1,1,0.7200000286102295,-0.3285039961338043,41.68333333333333,45.13333333333333,6.447619047619047,1,0
3530,3530,3530,2250,10,33,1089,0,1,0,1,1,1.959999084472656,0.6729440093040466,37.5,58.833333333333336,8.404761904761905,1,0
4695,4695,4695,1533,12,52,2704,0,1,0,1,1,3.1599998474121094,1.1505719423294067,25.55,78.25,11.178571428571427,1,0
3639,3639,3714,2513,15,27,729,1,1,1,1,1,3.4600014686584477,1.2412689924240112,41.88333333333333,60.65,8.664285714285715,1,0
2335,2335,2428,2896,9,36,1296,1,1,0,1,1,3.4600014686584477,1.2412689924240112,48.266666666666666,38.916666666666664,5.559523809523809,1,0
2813,2813,2813,2550,12,55,3025,0,0,0,1,1,3.4600014686584477,1.2412689924240112,42.5,46.88333333333333,6.697619047619047,1,0
3088,3088,3148,2747,10,60,3600,0,1,0,0,1,3.4600014686584477,1.2412689924240112,45.78333333333333,51.46666666666667,7.352380952380953,1,0
3710,3710,3770,2127,11,40,1600,0,1,0,1,1,1.729999303817749,0.5481209754943848,35.45,61.833333333333336,8.833333333333334,1,0
3293,3293,3518,1125,13,29,841,0,1,0,1,1,3.4600014686584477,1.2412689924240112,18.75,54.88333333333333,7.840476190476191,1,0
3261,3261,3441,1125,12,35,1225,0,1,0,1,1,3.4600014686584477,1.2412689924240112,18.75,54.35,7.764285714285714,1,0
3540,3540,3840,3692,12,35,1225,1,1,0,1,1,3.4600014686584477,1.2412689924240112,61.53333333333333,59.0,8.428571428571429,1,0
3176,3176,3221,2225,12,39,1521,1,1,0,1,1,3.4600014686584477,1.2412689924240112,37.083333333333336,52.93333333333333,7.561904761904762,1,0
3060,3060,3060,2375,12,23,529,1,1,1,0,1,3.4600014686584477,1.2412689924240112,39.583333333333336,51.0,7.2857142857142865,1,0
3590,3590,3590,2100,11,28,784,1,1,1,1,1,3.4600014686584477,1.2412689924240112,35.0,59.833333333333336,8.547619047619047,1,0
2923,2923,2953,2243,17,28,784,0,0,0,1,1,3.4600014686584477,1.2412689924240112,37.38333333333333,48.71666666666667,6.95952380952381,1,0
3020,3020,3020,2275,13,54,2916,0,0,0,1,1,3.4600014686584477,1.2412689924240112,37.916666666666664,50.333333333333336,7.190476190476191,1,0
3110,3110,3110,2393,11,46,2116,0,1,0,1,1,2.180000305175781,0.779325008392334,39.88333333333333,51.833333333333336,7.404761904761904,1,0
3898,3898,3898,2408,12,52,2704,0,1,0,1,1,2.4800009727478027,0.9082589745521544,40.13333333333333,64.96666666666667,9.280952380952382,1,0
2841,2841,2931,2413,12,30,900,0,1,0,1,1,3.229999542236328,1.1724820137023926,40.21666666666667,47.35,6.764285714285714,1,0
3278,3278,3518,2420,12,40,1600,0,1,0,1,1,5.479999542236328,1.701104998588562,40.333333333333336,54.63333333333333,7.804761904761905,1,0
3151,3151,3191,1263,17,40,1600,0,1,0,1,1,4.239998817443848,1.4445630311965942,21.05,52.516666666666666,7.502380952380952,1,0
3165,3165,3330,2765,10,28,784,1,1,1,1,1,2.400000810623169,0.8754690289497375,46.083333333333336,52.75,7.5357142857142865,1,0
3720,3720,3860,2100,12,36,1296,0,1,0,1,1,1.800000548362732,0.5877869725227356,35.0,62.0,8.857142857142858,1,0
3675,3675,3675,2425,12,30,900,0,0,0,1,1,3.750000715255737,1.3217560052871704,40.416666666666664,61.25,8.75,1,0
3300,3300,3300,3213,12,37,1369,1,1,0,1,1,4.499998092651367,1.5040769577026367,53.55,55.0,7.857142857142858,1,0
2250,2250,2250,1200,12,36,1296,0,1,0,0,1,3.750000715255737,1.3217560052871704,20.0,37.5,5.357142857142858,1,0
3298,3298,3518,2276,12,31,961,1,1,0,1,1,3.750000715255737,1.3217560052871704,37.93333333333333,54.96666666666667,7.852380952380953,1,0
3245,3245,3433,2475,12,30,900,1,1,0,1,1,5.25,1.658228039741516,41.25,54.083333333333336,7.726190476190476,1,0
2770,2770,3160,2300,11,53,2809,0,1,0,1,1,3.750000715255737,1.3217560052871704,38.333333333333336,46.166666666666664,6.595238095238096,1,0
3383,3383,3653,2188,12,37,1369,0,1,0,0,1,2.999999046325684,1.0986119508743286,36.46666666666667,56.38333333333333,8.054761904761905,1,0
3338,3338,3338,2313,12,29,841,1,1,0,1,1,5.210000991821289,1.6505800485610962,38.55,55.63333333333333,7.947619047619047,1,0
3330,3330,3330,2300,12,34,1156,1,1,0,0,1,4.760001659393311,1.5602480173110962,38.333333333333336,55.5,7.928571428571429,1,0
3098,3098,3586,2828,12,38,1444,1,1,0,1,1,5.769999504089356,1.7526719570159912,47.13333333333333,51.63333333333333,7.376190476190476,1,0
3158,3158,3158,2200,12,24,576,0,1,0,1,1,5.769999504089356,1.7526719570159912,36.666666666666664,52.63333333333333,7.51904761904762,1,0
3404,3404,3439,3748,14,52,2704,1,1,0,1,1,5.769999504089356,1.7526719570159912,62.46666666666667,56.733333333333334,8.104761904761904,1,0
3038,3038,3188,2681,9,38,1444,1,1,0,0,1,5.769999504089356,1.7526719570159912,44.68333333333333,50.63333333333333,7.233333333333333,1,0
3115,3115,3115,1860,16,36,1296,0,1,0,1,1,5.769999504089356,1.7526719570159912,31.0,51.916666666666664,7.416666666666667,1,0
2623,2623,2623,4325,12,60,3600,1,1,0,1,1,5.769999504089356,1.7526719570159912,72.08333333333333,43.71666666666667,6.245238095238095,1,0
3013,3013,3013,2313,12,39,1521,1,1,0,1,1,5.769999504089356,1.7526719570159912,38.55,50.21666666666667,7.173809523809524,1,0
2895,2895,2895,3411,12,50,2500,0,0,0,1,1,5.769999504089356,1.7526719570159912,56.85,48.25,6.892857142857142,1,0
1485,1485,1485,2075,12,28,784,1,1,0,1,1,5.769999504089356,1.7526719570159912,34.583333333333336,24.75,3.5357142857142856,1,0
2770,2770,2770,2587,10,36,1296,0,0,0,1,1,5.769999504089356,1.7526719570159912,43.11666666666667,46.166666666666664,6.595238095238096,1,0
3308,3308,3428,2975,8,60,3600,1,1,0,1,1,5.769999504089356,1.7526719570159912,49.583333333333336,55.13333333333333,7.876190476190476,1,0
3210,3210,3255,2125,13,32,1024,1,1,0,1,1,5.769999504089356,1.7526719570159912,35.416666666666664,53.5,7.642857142857142,1,0
3116,3116,3206,2628,12,56,3136,1,1,0,1,1,5.769999504089356,1.7526719570159912,43.8,51.93333333333333,7.419047619047619,1,0
3183,3183,3183,2388,8,47,2209,1,1,0,1,1,5.769999504089356,1.7526719570159912,39.8,53.05,7.578571428571428,1,0
3330,3330,4255,2866,12,61,3721,1,1,0,1,1,5.769999504089356,1.7526719570159912,47.766666666666666,55.5,7.928571428571429,1,0
3113,3113,3188,2173,17,29,841,1,0,0,0,1,5.769999504089356,1.7526719570159912,36.21666666666667,51.88333333333333,7.411904761904762,1,0
2880,2880,2880,2450,8,56,3136,1,1,0,1,1,5.769999504089356,1.7526719570159912,40.833333333333336,48.0,6.857142857142858,1,0
3308,3308,3626,1613,12,27,729,1,1,0,1,1,5.769999504089356,1.7526719570159912,26.883333333333333,55.13333333333333,7.876190476190476,1,0
3428,3428,3428,3150,9,45,2025,1,1,0,1,1,5.020000457763672,1.6134300231933594,52.5,57.13333333333333,8.161904761904761,1,0
3998,3998,4081,1350,12,25,625,0,1,0,1,1,3.5199999809265137,1.2584609985351562,22.5,66.63333333333334,9.519047619047619,1,0
3965,3965,3965,700,10,26,676,1,1,1,0,1,4.530000686645508,1.510722041130066,11.666666666666666,66.08333333333333,9.440476190476192,1,0
3515,3515,3515,2250,12,52,2704,0,0,0,1,1,2.7699990272521973,1.0188469886779783,37.5,58.583333333333336,8.369047619047619,1,0
3345,3345,3345,1955,17,33,1089,0,1,1,1,1,7.559998512268066,2.0228710174560547,32.583333333333336,55.75,7.9642857142857135,1,0
3638,3638,3698,2125,17,37,1369,1,1,1,1,1,4.040001392364502,1.396245002746582,35.416666666666664,60.63333333333333,8.661904761904761,1,0
2655,2655,2655,938,13,30,900,1,1,1,1,1,4.040001392364502,1.396245002746582,15.633333333333333,44.25,6.321428571428571,1,0
2618,2618,2618,3869,17,52,2704,0,1,0,1,1,10.100006103515623,2.3125360012054443,64.48333333333333,43.63333333333333,6.233333333333333,1,0
3450,3450,3450,2450,12,23,529,1,1,1,1,1,4.040001392364502,1.396245002746582,40.833333333333336,57.5,8.214285714285714,1,0
3188,3188,3488,2353,12,44,1936,0,1,0,1,1,3.030000925064087,1.10856294631958,39.21666666666667,53.13333333333333,7.590476190476191,1,0
3390,3390,3940,2563,16,33,1089,1,1,0,1,1,8.080000877380371,2.0893919467926025,42.71666666666667,56.5,8.071428571428571,1,0
3108,3108,3108,1863,12,27,729,0,1,0,1,1,4.040001392364502,1.396245002746582,31.05,51.8,7.4,1,0
3825,3825,3925,2143,7,65,4225,1,0,0,0,1,6.060001373291016,1.80171000957489,35.71666666666667,63.75,9.107142857142858,1,0
3778,3778,3778,1571,16,30,900,1,1,1,1,1,8.080000877380371,2.0893919467926025,26.183333333333334,62.96666666666667,8.995238095238095,1,0
3046,3046,3278,2571,16,54,2916,1,1,0,1,1,8.080000877380371,2.0893919467926025,42.85,50.766666666666666,7.252380952380952,1,0
3333,3333,3393,1818,16,29,841,0,1,1,1,1,8.080000877380371,2.0893919467926025,30.3,55.55,7.935714285714286,1,0
4575,4575,4575,0,12,49,2401,1,1,0,1,1,8.080000877380371,2.0893919467926025,0.0,76.25,10.892857142857142,1,0
3263,3263,3263,2250,12,25,625,1,1,1,1,1,4.040001392364502,1.396245002746582,37.5,54.38333333333333,7.76904761904762,1,0
3113,3113,3263,2313,12,58,3364,0,1,0,1,1,4.040001392364502,1.396245002746582,38.55,51.88333333333333,7.411904761904762,1,0
4545,4545,4695,835,11,40,1600,1,0,0,0,1,4.040001392364502,1.396245002746582,13.916666666666666,75.75,10.821428571428573,1,0
3880,3880,3918,2830,12,40,1600,1,1,1,1,1,4.040001392364502,1.396245002746582,47.166666666666664,64.66666666666667,9.238095238095239,1,0
3303,3303,3548,2226,12,56,3136,1,0,0,0,1,4.040001392364502,1.396245002746582,37.1,55.05,7.864285714285714,1,0
3388,3388,3388,2325,9,45,2025,0,1,0,0,1,4.040001392364502,1.396245002746582,38.75,56.46666666666667,8.066666666666666,1,0
3278,3278,3278,2140,10,52,2704,0,0,0,0,1,4.599998950958252,1.5260560512542725,35.666666666666664,54.63333333333333,7.804761904761905,1,0
3376,3376,3424,2592,17,31,961,1,1,1,1,1,5.310000896453857,1.669592022895813,43.2,56.266666666666666,8.038095238095238,1,0
2895,2895,2895,2313,12,27,729,1,1,0,1,1,14.429993629455566,2.66930890083313,38.55,48.25,6.892857142857142,1,0
3216,3216,3216,2263,14,31,961,1,1,0,1,1,10.39000129699707,2.340843915939331,37.71666666666667,53.6,7.6571428571428575,1,0
2930,2930,2930,2100,17,30,900,1,1,0,1,1,10.39000129699707,2.340843915939331,35.0,48.833333333333336,6.976190476190476,1,0
3150,3150,4135,1075,16,44,1936,1,1,0,1,1,10.39000129699707,2.340843915939331,17.916666666666668,52.5,7.5,1,0
3248,3248,3248,2238,15,27,729,1,1,1,1,1,5.830000400543213,1.7630170583724976,37.3,54.13333333333333,7.733333333333333,1,0
3983,3983,5224,1168,14,28,784,0,0,0,1,1,7.100001811981201,1.9600950479507449,19.466666666666665,66.38333333333334,9.483333333333333,1,0
3218,3218,3523,1900,12,57,3249,1,1,0,1,1,8.370001792907715,2.124654054641724,31.666666666666668,53.63333333333333,7.661904761904762,1,0
2803,2803,2803,2376,13,33,1089,0,1,0,1,1,2.539999723434448,0.9321640133857728,39.6,46.71666666666667,6.673809523809524,1,0
3038,3038,3038,1800,12,29,841,1,1,1,1,1,3.809999227523804,1.337628960609436,30.0,50.63333333333333,7.233333333333333,1,0
3150,3150,3300,2965,12,32,1024,1,1,0,1,1,6.350000858306885,1.8484549522399905,49.416666666666664,52.5,7.5,1,0
3405,3405,3405,3466,13,25,625,1,1,1,1,1,10.159996032714844,2.318458080291748,57.766666666666666,56.75,8.107142857142858,1,0
3548,3548,3548,1538,12,50,2500,1,1,0,1,1,6.350000858306885,1.8484549522399905,25.633333333333333,59.13333333333333,8.447619047619048,1,0
3670,3670,3670,2600,12,39,1521,1,0,0,0,1,6.350000858306885,1.8484549522399905,43.333333333333336,61.166666666666664,8.738095238095239,1,0
2961,2961,3724,1675,12,24,576,1,1,0,0,1,6.350000858306885,1.8484549522399905,27.916666666666668,49.35,7.05,1,0
3530,3530,3593,1113,12,31,961,1,1,1,1,1,6.350000858306885,1.8484549522399905,18.55,58.833333333333336,8.404761904761905,1,0
2668,2668,2668,2400,12,25,625,1,1,1,1,1,6.350000858306885,1.8484549522399905,40.0,44.46666666666667,6.352380952380953,1,0
3233,3233,3848,2288,7,44,1936,1,1,0,1,1,6.350000858306885,1.8484549522399905,38.13333333333333,53.88333333333333,7.697619047619047,1,0
3750,3750,3750,2226,17,62,3844,1,1,0,1,1,17.47999382019043,2.861057043075561,37.1,62.5,8.928571428571427,1,0
3203,3203,3203,2001,12,44,1936,1,1,0,1,1,9.93000602722168,2.2955610752105717,33.35,53.38333333333333,7.626190476190476,1,0
2948,2948,3048,2480,12,35,1225,0,1,0,1,1,4.329997539520264,1.4655669927597046,41.333333333333336,49.13333333333333,7.01904761904762,1,0
3621,3621,4034,2588,12,34,1156,0,0,0,1,1,4.329997539520264,1.4655669927597046,43.13333333333333,60.35,8.621428571428572,1,0
3630,3630,4165,1213,12,27,729,0,1,1,1,1,4.329997539520264,1.4655669927597046,20.216666666666665,60.5,8.642857142857142,1,0
3631,3631,3631,1650,12,32,1024,1,1,0,1,1,8.660002708435059,2.158715009689331,27.5,60.516666666666666,8.645238095238094,1,0
2836,2836,2836,2263,8,58,3364,1,1,0,1,1,8.660002708435059,2.158715009689331,37.71666666666667,47.266666666666666,6.752380952380952,1,0
2940,2940,2948,2163,17,27,729,0,1,1,1,1,4.329997539520264,1.4655669927597046,36.05,49.0,7.0,1,0
3943,3943,3943,958,14,59,3481,1,1,0,1,1,8.660002708435059,2.158715009689331,15.966666666666667,65.71666666666667,9.38809523809524,1,0
3378,3378,3378,3185,12,23,529,1,1,0,1,1,7.390002250671387,2.000128030776977,53.083333333333336,56.3,8.042857142857143,1,0
4140,4140,4260,0,8,45,2025,1,1,0,0,1,5.709999561309815,1.7422189712524414,0.0,69.0,9.857142857142858,1,0
2888,2888,2888,2931,12,25,625,1,1,0,1,1,6.119998931884766,1.811561942100525,48.85,48.13333333333333,6.876190476190476,1,0
3030,3030,3440,1138,17,52,2704,1,0,0,1,1,8.47000503540039,2.136531114578247,18.966666666666665,50.5,7.2142857142857135,1,0
3705,3705,3705,2363,12,29,841,1,1,1,1,1,6.639999866485596,1.8931119441986084,39.38333333333333,61.75,8.821428571428573,1,0
3795,3795,4170,1298,16,24,576,0,1,0,1,1,3.839998483657837,1.345471978187561,21.633333333333333,63.25,9.035714285714285,1,0
3160,3160,3160,3103,10,59,3481,1,1,0,1,1,7.939997673034668,2.071913003921509,51.71666666666667,52.666666666666664,7.523809523809524,1,0
3075,3075,3285,3261,10,39,1521,1,1,0,1,1,4.620001316070557,1.5303950309753418,54.35,51.25,7.321428571428571,1,0
2678,2678,2948,2755,12,33,1089,1,1,0,1,1,9.24000072479248,2.2235419750213623,45.916666666666664,44.63333333333333,6.376190476190476,1,0
4113,4113,4113,2488,8,33,1089,1,1,1,0,1,4.620001316070557,1.5303950309753418,41.46666666666667,68.55,9.792857142857143,1,0
3293,3293,3843,2058,12,58,3364,1,0,0,1,1,6.930001735687256,1.93586003780365,34.3,54.88333333333333,7.840476190476191,1,0
2760,2760,2760,2695,16,33,1089,1,1,1,1,1,11.550006866455078,2.446686029434204,44.916666666666664,46.0,6.571428571428571,1,0
3720,3720,3720,2113,17,24,576,0,1,0,1,1,2.309998750686645,0.8372470140457153,35.21666666666667,62.0,8.857142857142858,1,0
3840,3840,3840,1538,12,47,2209,1,1,0,1,1,9.24000072479248,2.2235419750213623,25.633333333333333,64.0,9.142857142857142,1,0
3338,3338,3711,1323,16,51,2601,0,1,0,1,1,4.620001316070557,1.5303950309753418,22.05,55.63333333333333,7.947619047619047,1,0
4373,4373,4373,0,11,44,1936,0,1,0,1,1,4.620001316070557,1.5303950309753418,0.0,72.88333333333334,10.411904761904761,1,0
2928,2928,3138,2735,12,48,2304,1,1,0,1,1,6.930001735687256,1.93586003780365,45.583333333333336,48.8,6.9714285714285715,1,0
3090,3090,3125,3225,12,36,1296,1,1,0,1,1,11.550006866455078,2.446686029434204,53.75,51.5,7.357142857142858,1,0
2740,2740,2740,2375,12,54,2916,1,1,0,1,1,6.930001735687256,1.93586003780365,39.583333333333336,45.666666666666664,6.523809523809524,1,0
2496,2496,2656,1762,12,25,625,1,1,0,1,1,2.309998750686645,0.8372470140457153,29.366666666666667,41.6,5.942857142857142,1,0
3098,3098,3248,2601,17,56,3136,0,0,0,0,1,4.620001316070557,1.5303950309753418,43.35,51.63333333333333,7.376190476190476,1,0
2933,2933,2933,2513,12,28,784,1,1,1,1,1,6.930001735687256,1.93586003780365,41.88333333333333,48.88333333333333,6.983333333333333,1,0
3195,3195,3570,1755,14,40,1600,0,0,0,1,1,4.620001316070557,1.5303950309753418,29.25,53.25,7.607142857142858,1,0
3213,3213,3273,2288,12,28,784,1,1,0,1,1,4.620001316070557,1.5303950309753418,38.13333333333333,53.55,7.65,1,0
3015,3015,3053,2640,12,29,841,1,1,0,0,1,4.620001316070557,1.5303950309753418,44.0,50.25,7.178571428571429,1,0
3698,3698,3698,2518,17,33,1089,1,1,1,1,1,6.930001735687256,1.93586003780365,41.96666666666667,61.63333333333333,8.804761904761905,1,0
3488,3488,3488,1880,12,26,676,1,1,0,1,1,6.930001735687256,1.93586003780365,31.333333333333332,58.13333333333333,8.304761904761905,1,0
3335,3335,3395,2438,12,54,2916,1,1,0,1,1,11.550006866455078,2.446686029434204,40.63333333333333,55.583333333333336,7.940476190476191,1,0
2965,2965,2965,2551,12,31,961,1,1,0,1,1,4.620001316070557,1.5303950309753418,42.516666666666666,49.416666666666664,7.059523809523809,1,0
3823,3823,3823,2300,13,56,3136,1,1,0,1,1,6.930001735687256,1.93586003780365,38.333333333333336,63.71666666666667,9.102380952380951,1,0
3443,3443,3443,2996,17,25,625,0,0,0,1,1,4.620001316070557,1.5303950309753418,49.93333333333333,57.38333333333333,8.197619047619048,1,0
3560,3560,3560,2513,12,25,625,1,1,0,0,1,4.620001316070557,1.5303950309753418,41.88333333333333,59.333333333333336,8.476190476190476,1,0
3461,3461,3461,2300,8,53,2809,1,1,0,1,1,6.930001735687256,1.93586003780365,38.333333333333336,57.68333333333333,8.24047619047619,1,0
3178,3178,3178,2656,12,26,676,1,1,0,1,1,4.620001316070557,1.5303950309753418,44.266666666666666,52.96666666666667,7.566666666666666,1,0
3435,3435,3435,1920,15,24,576,1,1,0,1,1,4.620001316070557,1.5303950309753418,32.0,57.25,8.178571428571429,1,0
3211,3211,3399,1275,17,45,2025,1,1,0,1,1,6.930001735687256,1.93586003780365,21.25,53.516666666666666,7.645238095238096,1,0
3635,3635,3665,465,10,52,2704,0,1,0,0,1,2.309998750686645,0.8372470140457153,7.75,60.583333333333336,8.654761904761905,1,0
3378,3378,3471,1125,15,23,529,0,1,1,1,1,4.879998683929443,1.5851449966430664,18.75,56.3,8.042857142857143,1,0
3780,3780,4618,1050,12,32,1024,0,1,0,1,1,3.6499993801116943,1.2947269678115845,17.5,63.0,9.0,1,0
2715,2715,3015,2850,17,49,2401,0,1,0,1,1,3.349998950958252,1.2089600563049316,47.5,45.25,6.4642857142857135,1,0
3436,3436,3496,2250,12,44,1936,0,0,0,1,1,6.289999485015869,1.8389610052108765,37.5,57.266666666666666,8.18095238095238,1,0
3285,3285,3390,2451,13,24,576,1,1,0,1,1,7.220000743865967,1.9768550395965576,40.85,54.75,7.821428571428571,1,0
3203,3203,3203,2463,11,34,1156,1,1,0,1,1,7.220000743865967,1.9768550395965576,41.05,53.38333333333333,7.626190476190476,1,0
3683,3683,3683,2150,14,54,2916,1,1,0,0,1,7.220000743865967,1.9768550395965576,35.833333333333336,61.38333333333333,8.769047619047619,1,0
3135,3135,3135,2325,12,40,1600,1,1,0,1,1,7.220000743865967,1.9768550395965576,38.75,52.25,7.4642857142857135,1,0
3213,3213,3213,3273,8,48,2304,0,1,0,1,1,4.389998912811279,1.479328989982605,54.55,53.55,7.65,1,0
3365,3365,3365,2203,15,27,729,0,0,1,1,1,4.649999141693115,1.5368670225143433,36.71666666666667,56.083333333333336,8.011904761904763,1,0
3278,3278,3298,1853,17,33,1089,0,1,1,1,1,7.6999969482421875,2.04121994972229,30.883333333333333,54.63333333333333,7.804761904761905,1,0
3150,3150,3463,3616,12,28,784,1,0,0,1,1,9.819998741149902,2.284420967102051,60.266666666666666,52.5,7.5,1,0
3750,3750,3750,1963,16,62,3844,0,1,0,0,1,5.170001983642578,1.6428730487823486,32.71666666666667,62.5,8.928571428571427,1,0
3418,3418,5226,1126,17,64,4096,0,0,0,0,1,3.309999465942383,1.1969480514526367,18.766666666666666,56.96666666666667,8.138095238095238,1,0
2910,2910,3060,2450,12,31,961,0,0,0,1,1,6.210000991821289,1.8261610269546509,40.833333333333336,48.5,6.928571428571429,1,0
3683,3683,3683,1125,16,29,841,1,1,0,1,1,6.210000991821289,1.8261610269546509,18.75,61.38333333333333,8.769047619047619,1,0
2311,2311,2311,3996,12,36,1296,1,1,0,1,1,7.51000452041626,2.0162360668182373,66.6,38.516666666666666,5.502380952380952,1,0
3368,3368,3533,3071,8,44,1936,1,1,0,1,1,7.51000452041626,2.0162360668182373,51.18333333333333,56.13333333333333,8.019047619047619,1,0
3453,3453,3453,2325,12,43,1849,1,0,0,1,1,7.51000452041626,2.0162360668182373,38.75,57.55,8.221428571428572,1,0
3870,3870,3930,2253,11,46,2116,1,1,0,1,1,7.51000452041626,2.0162360668182373,37.55,64.5,9.214285714285715,1,0
2921,2921,2921,2263,12,29,841,0,0,0,1,1,2.599998712539673,0.9555109739303588,37.71666666666667,48.68333333333333,6.954761904761905,1,0
3438,3438,3438,2206,14,28,784,1,0,0,1,1,5.2000017166137695,1.6486589908599854,36.766666666666666,57.3,8.185714285714287,1,0
3775,3775,3775,2711,13,26,676,1,1,1,0,1,5.2000017166137695,1.6486589908599854,45.18333333333333,62.916666666666664,8.988095238095239,1,0
2945,2945,3170,1263,10,62,3844,0,1,0,1,1,1.299999713897705,0.262364000082016,21.05,49.083333333333336,7.011904761904762,1,0
3270,3270,3270,1960,17,23,529,0,1,0,1,1,2.599998712539673,0.9555109739303588,32.666666666666664,54.5,7.7857142857142865,1,0
3405,3405,3495,1470,16,35,1225,0,0,0,1,1,5.2000017166137695,1.6486589908599854,24.5,56.75,8.107142857142858,1,0
3533,3533,3533,2980,14,32,1024,1,1,1,1,1,5.2000017166137695,1.6486589908599854,49.666666666666664,58.88333333333333,8.411904761904761,1,0
3320,3320,3320,2085,12,44,1936,1,1,0,1,1,5.2000017166137695,1.6486589908599854,34.75,55.333333333333336,7.904761904761904,1,0
3030,3030,3120,2270,12,29,841,0,0,0,1,1,3.119999885559082,1.1378329992294312,37.833333333333336,50.5,7.2142857142857135,1,0
3563,3563,3708,3391,12,42,1764,1,1,0,1,1,5.2000017166137695,1.6486589908599854,56.516666666666666,59.38333333333333,8.483333333333333,1,0
3470,3470,3470,1660,16,24,576,0,0,0,1,1,3.119999885559082,1.1378329992294312,27.666666666666668,57.833333333333336,8.261904761904763,1,0
3130,3130,3370,2450,14,27,729,0,1,0,1,1,2.080000162124634,0.732367992401123,40.833333333333336,52.166666666666664,7.4523809523809526,1,0
3660,3660,3720,1163,14,49,2401,0,1,0,0,1,5.2000017166137695,1.6486589908599854,19.383333333333333,61.0,8.714285714285715,1,0
4113,4113,4113,1288,8,43,1849,1,1,0,1,1,2.080000162124634,0.732367992401123,21.466666666666665,68.55,9.792857142857143,1,0
2661,2661,2901,2485,14,40,1600,1,1,0,1,1,3.640001058578491,1.291983962059021,41.416666666666664,44.35,6.335714285714286,1,0
2115,2115,2115,2050,12,27,729,0,1,0,0,1,4.679999351501465,1.5432980060577393,34.166666666666664,35.25,5.0357142857142865,1,0
3240,3240,3390,1038,8,49,2401,0,1,0,1,1,2.599998712539673,0.9555109739303588,17.3,54.0,7.7142857142857135,1,0
3480,3480,3480,1213,12,27,729,0,1,0,1,1,4.970000743865967,1.6034200191497805,20.216666666666665,58.0,8.285714285714286,1,0
4048,4048,4308,1558,12,26,676,0,1,0,1,1,2.8900015354156494,1.061257004737854,25.966666666666665,67.46666666666667,9.63809523809524,1,0
2956,2956,2956,1175,8,44,1936,0,1,0,0,1,2.8900015354156494,1.061257004737854,19.583333333333332,49.266666666666666,7.038095238095238,1,0
2985,2985,3125,0,15,31,961,0,1,0,1,1,2.8900015354156494,1.061257004737854,0.0,49.75,7.107142857142858,1,0
2745,2745,2783,0,13,28,784,0,1,1,0,1,2.8900015354156494,1.061257004737854,0.0,45.75,6.5357142857142865,1,0
3405,3405,3465,2460,12,47,2209,0,1,0,1,1,2.8900015354156494,1.061257004737854,41.0,56.75,8.107142857142858,1,0
3158,3158,3233,2325,12,31,961,0,1,0,1,1,2.8900015354156494,1.061257004737854,38.75,52.63333333333333,7.51904761904762,1,0
3138,3138,3438,2488,12,33,1089,0,1,0,1,1,2.8900015354156494,1.061257004737854,41.46666666666667,52.3,7.4714285714285715,1,0
3143,3143,3143,2288,12,55,3025,0,1,0,1,1,3.47999906539917,1.2470320463180542,38.13333333333333,52.38333333333333,7.483333333333333,1,0
2865,2865,3428,2251,12,24,576,0,1,0,1,1,1.8500006198883057,0.6151859760284424,37.516666666666666,47.75,6.821428571428571,1,0
3853,3853,3853,1173,16,23,529,0,1,0,1,1,3.700000762939453,1.3083330392837524,19.55,64.21666666666667,9.173809523809524,1,0
3435,3435,3465,2946,11,42,1764,1,1,0,1,1,3.179999351501465,1.1568809747695925,49.1,57.25,8.178571428571429,1,0
3221,3221,3401,1150,12,26,676,0,1,0,1,1,3.179999351501465,1.1568809747695925,19.166666666666668,53.68333333333333,7.669047619047619,1,0
3320,3320,3320,2193,14,25,625,0,0,0,1,1,3.179999351501465,1.1568809747695925,36.55,55.333333333333336,7.904761904761904,1,0
2633,2633,3278,2663,10,32,1024,1,1,0,1,1,1.590000033378601,0.4637340009212494,44.38333333333333,43.88333333333333,6.26904761904762,1,0
3158,3158,3158,2413,12,33,1089,0,1,0,1,1,3.179999351501465,1.1568809747695925,40.21666666666667,52.63333333333333,7.51904761904762,1,0
3353,3353,3353,2475,8,62,3844,0,1,0,1,1,3.179999351501465,1.1568809747695925,41.25,55.88333333333333,7.983333333333333,1,0
3350,3350,3425,2050,14,35,1225,0,1,0,1,1,3.179999351501465,1.1568809747695925,34.166666666666664,55.833333333333336,7.976190476190476,1,0
2580,2580,2580,2575,9,26,676,1,1,0,1,1,3.179999351501465,1.1568809747695925,42.916666666666664,43.0,6.142857142857142,1,0
3633,3633,3633,2170,12,44,1936,0,1,0,1,1,2.6599998474121094,0.9783260226249696,36.166666666666664,60.55,8.65,1,0
3955,3955,4015,1763,9,48,2304,0,1,0,1,1,2.06000018119812,0.7227060198783875,29.383333333333333,65.91666666666667,9.416666666666666,1,0
4215,4215,4530,2525,8,51,2601,0,1,0,0,1,1.609999656677246,0.4762339890003204,42.083333333333336,70.25,10.035714285714285,1,0
2733,2733,2981,3226,6,47,2209,0,0,0,1,1,0.5400000810623169,-0.6161860227584839,53.766666666666666,45.55,6.507142857142857,1,0
3270,3270,3270,0,12,43,1849,0,1,0,1,1,0.3500000536441803,-1.0498219728469849,0.0,54.5,7.7857142857142865,1,0
3128,3128,3203,2173,16,32,1024,0,1,0,1,1,5.769999504089356,1.7526719570159912,36.21666666666667,52.13333333333333,7.447619047619047,1,0
3515,3515,3515,2843,13,24,576,1,1,0,1,1,6.65999698638916,1.8961189985275269,47.38333333333333,58.583333333333336,8.369047619047619,1,0
4068,4068,4103,2568,16,28,784,0,1,0,1,1,1.819999098777771,0.5988360047340393,42.8,67.8,9.685714285714285,1,0
3885,3885,4035,913,14,33,1089,0,1,0,1,1,1.819999098777771,0.5988360047340393,15.216666666666667,64.75,9.25,1,0
3410,3410,3470,1497,12,28,784,0,1,1,1,1,1.5199995040893557,0.4187099933624267,24.95,56.833333333333336,8.119047619047619,1,0
3641,3641,3791,2686,13,24,576,0,1,0,1,1,3.6499993801116943,1.2947269678115845,44.766666666666666,60.68333333333333,8.66904761904762,1,0
4091,4091,4181,75,13,24,576,0,1,0,1,1,2.180000305175781,0.779325008392334,1.25,68.18333333333334,9.74047619047619,1,0
2708,2708,2708,2325,12,49,2401,0,1,0,1,1,4.990000247955322,1.607435941696167,38.75,45.13333333333333,6.447619047619047,1,0
2640,2640,2745,2538,16,27,729,0,0,0,1,1,4.990000247955322,1.607435941696167,42.3,44.0,6.2857142857142865,1,0
2918,2918,2918,2038,16,23,529,1,0,0,1,1,4.990000247955322,1.607435941696167,33.96666666666667,48.63333333333333,6.947619047619047,1,0
2983,2983,2983,2025,12,32,1024,0,1,0,1,1,5.090000629425049,1.627277970314026,33.75,49.71666666666667,7.102380952380953,1,0
3420,3420,3480,2205,11,39,1521,1,0,0,1,1,4.080000400543213,1.4060970544815063,36.75,57.0,8.142857142857142,1,0
3322,3322,4099,1838,12,35,1225,1,1,1,0,1,2.869999885559082,1.054311990737915,30.633333333333333,55.36666666666667,7.909523809523809,1,0
3553,3553,3553,1570,12,24,576,0,1,0,0,1,3.119999885559082,1.1378329992294312,26.166666666666668,59.21666666666667,8.459523809523809,1,0
3945,3945,4210,1125,12,33,1089,0,1,0,1,1,6.2399983406066895,1.830979943275452,18.75,65.75,9.392857142857142,1,0
3018,3018,3018,2388,16,40,1600,1,1,0,1,1,15.60000228881836,2.7472710609436035,39.8,50.3,7.185714285714286,1,0
2870,2870,3170,1830,13,25,625,0,0,0,1,1,6.2399983406066895,1.830979943275452,30.5,47.833333333333336,6.833333333333333,1,0
2891,2891,2891,2163,12,30,900,0,1,1,1,1,6.2399983406066895,1.830979943275452,36.05,48.18333333333333,6.883333333333334,1,0
3323,3323,3323,1370,16,24,576,0,1,0,1,1,6.2399983406066895,1.830979943275452,22.833333333333332,55.38333333333333,7.911904761904762,1,0
3155,3155,3155,3075,16,25,625,1,1,0,1,1,7.490002155303955,2.0135691165924072,51.25,52.583333333333336,7.511904761904762,1,0
4110,4110,4185,2505,12,34,1156,0,0,0,1,1,3.869997978210449,1.353253960609436,41.75,68.5,9.785714285714285,1,0
3328,3328,3328,2146,12,52,2704,0,1,0,1,1,4.369999885559082,1.474763035774231,35.766666666666666,55.46666666666667,7.923809523809524,1,0
3015,3015,3075,1975,15,25,625,1,1,1,1,1,5.620001792907715,1.7263319492340088,32.916666666666664,50.25,7.178571428571429,1,0
3195,3195,3195,1650,16,37,1369,1,1,1,1,1,11.24000072479248,2.4194788932800293,27.5,53.25,7.607142857142858,1,0
2710,2710,2755,2775,17,26,676,1,1,0,1,1,2.5000007152557373,0.9162909984588624,46.25,45.166666666666664,6.4523809523809526,1,0
2890,2890,3010,2380,12,26,676,0,0,0,1,1,3.750000715255737,1.3217560052871704,39.666666666666664,48.166666666666664,6.8809523809523805,1,0
3578,3578,4121,1321,12,65,4225,1,1,0,1,1,1.2500005960464478,0.223143994808197,22.016666666666666,59.63333333333333,8.519047619047619,1,0
2708,2708,2708,2458,12,32,1024,0,1,0,1,1,2.700000524520874,0.9932519793510436,40.96666666666667,45.13333333333333,6.447619047619047,1,0
4100,4100,4100,3170,10,27,729,1,1,1,1,1,3.750000715255737,1.3217560052871704,52.833333333333336,68.33333333333333,9.761904761904761,1,0
3818,3818,3848,360,4,57,3249,0,0,0,1,1,0.3799999952316284,-0.9675840139389038,6.0,63.63333333333333,9.09047619047619,1,0
3060,3060,3060,750,8,36,1296,0,1,0,1,1,1.6800003051757812,0.5187940001487732,12.5,51.0,7.2857142857142865,1,0
3765,3765,4025,2100,13,51,2601,1,1,0,1,1,3.84999942779541,1.3480730056762695,35.0,62.75,8.964285714285715,1,0
2710,2710,2893,2368,11,52,2704,0,1,0,1,1,7.059999465942383,1.954445004463196,39.46666666666667,45.166666666666664,6.4523809523809526,1,0
3753,3753,3753,1325,17,24,576,0,1,0,1,1,1.800000548362732,0.5877869725227356,22.083333333333332,62.55,8.935714285714285,1,0
3943,3943,3943,2451,12,27,729,0,1,0,1,1,1.800000548362732,0.5877869725227356,40.85,65.71666666666667,9.38809523809524,1,0
3505,3505,3593,1993,13,29,841,0,1,0,1,1,1.8100003004074097,0.593326985836029,33.21666666666667,58.416666666666664,8.345238095238095,1,0
3693,3693,3693,2533,13,30,900,1,1,0,0,1,5.010000705718994,1.6114360094070437,42.21666666666667,61.55,8.792857142857143,1,0
3150,3150,3150,1671,12,30,900,0,1,0,1,1,4.4499993324279785,1.4929039478302002,27.85,52.5,7.5,1,0
2780,2780,2780,1950,16,33,1089,1,0,0,1,1,4.879998683929443,1.5851449966430664,32.5,46.333333333333336,6.6190476190476195,1,0
2955,2955,2955,1313,11,37,1369,1,1,0,1,1,7.519998550415039,2.017565965652466,21.883333333333333,49.25,7.0357142857142865,1,0
2948,2948,3093,1813,14,27,729,0,0,0,1,1,4.42000150680542,1.4861400127410889,30.216666666666665,49.13333333333333,7.01904761904762,1,0
3045,3045,3045,2049,12,37,1369,1,1,0,1,1,6.17000150680542,1.819699048995972,34.15,50.75,7.25,1,0
3595,3595,3655,1963,12,44,1936,0,1,0,1,1,3.2999985218048096,1.1939220428466797,32.71666666666667,59.916666666666664,8.559523809523808,1,0
2985,2985,2985,0,8,62,3844,1,1,0,1,1,4.620001316070557,1.5303950309753418,0.0,49.75,7.107142857142858,1,0
3346,3346,3346,2288,12,54,2916,0,1,0,1,1,6.600001811981201,1.8870699405670168,38.13333333333333,55.766666666666666,7.966666666666667,1,0
3195,3195,3195,2195,14,23,529,1,0,0,1,1,4.950002193450928,1.5993880033493042,36.583333333333336,53.25,7.607142857142858,1,0
3073,3073,3163,2088,12,42,1764,0,0,0,1,1,6.600001811981201,1.8870699405670168,34.8,51.21666666666667,7.316666666666666,1,0
3608,3608,3608,2100,12,32,1024,0,0,0,1,1,10.55999755859375,2.3570730686187744,35.0,60.13333333333333,8.59047619047619,1,0
2928,2928,2928,2606,17,28,784,1,0,0,1,1,2.640000104904175,0.9707790017127992,43.43333333333333,48.8,6.9714285714285715,1,0
3525,3525,3525,1875,12,32,1024,0,1,0,1,1,2.640000104904175,0.9707790017127992,31.25,58.75,8.392857142857142,1,0
3953,3953,3953,2351,14,57,3249,0,1,0,1,1,3.2999985218048096,1.1939220428466797,39.18333333333333,65.88333333333334,9.411904761904761,1,0
3218,3218,3218,2300,13,50,2500,0,1,0,1,1,7.919998645782471,2.0693910121917725,38.333333333333336,53.63333333333333,7.661904761904762,1,0
3848,3848,3893,2126,17,35,1225,0,0,0,1,1,3.9599997997283936,1.3762439489364624,35.43333333333333,64.13333333333334,9.161904761904761,1,0
3740,3740,3740,515,12,28,784,0,0,1,1,1,3.2999985218048096,1.1939220428466797,8.583333333333334,62.333333333333336,8.904761904761905,1,0
3570,3570,3570,2560,12,60,3600,0,1,0,1,1,2.640000104904175,0.9707790017127992,42.666666666666664,59.5,8.5,1,0
3218,3218,3458,2026,17,39,1521,0,0,0,1,1,11.220000267028809,2.4176979064941406,33.766666666666666,53.63333333333333,7.661904761904762,1,0
3255,3255,3255,2100,12,29,841,1,1,0,1,1,6.600001811981201,1.8870699405670168,35.0,54.25,7.75,1,0
3363,3363,3813,1673,12,43,1849,1,0,0,1,1,2.8399999141693115,1.0438040494918823,27.883333333333333,56.05,8.007142857142858,1,0
3286,3286,3286,2275,12,47,2209,0,1,0,1,1,3.700000762939453,1.3083330392837524,37.916666666666664,54.766666666666666,7.823809523809524,1,0
3255,3255,3255,2750,11,33,1089,0,1,0,1,1,5.090000629425049,1.627277970314026,45.833333333333336,54.25,7.75,1,0
3548,3548,3548,2178,12,45,2025,0,1,0,1,1,2.099999189376831,0.741936981678009,36.3,59.13333333333333,8.447619047619048,1,0
3181,3181,3181,1208,9,54,2916,0,1,0,1,1,1.3999996185302734,0.3364720046520233,20.133333333333333,53.016666666666666,7.573809523809524,1,0
3188,3188,3248,1175,12,45,2025,0,1,0,1,1,1.43999981880188,0.3646430075168609,19.583333333333332,53.13333333333333,7.590476190476191,1,0
3318,3318,3601,0,14,51,2601,0,1,0,1,1,5.999997138977051,1.791759014129639,0.0,55.3,7.9,1,0
4030,4030,4030,2193,12,24,576,0,0,1,1,1,3.06000018119812,1.1184149980545044,36.55,67.16666666666667,9.595238095238095,1,0
2746,2746,2746,2288,9,32,1024,0,1,0,0,1,2.8900015354156494,1.061257004737854,38.13333333333333,45.766666666666666,6.538095238095238,1,0
3410,3410,3410,0,12,42,1764,0,1,0,1,1,2.169999599456787,0.7747269868850708,0.0,56.833333333333336,8.119047619047619,1,0
3943,3943,4088,2013,12,60,3600,0,0,0,1,1,0.959999978542328,-0.0408219993114471,33.55,65.71666666666667,9.38809523809524,1,0
2423,2423,2423,2138,11,48,2304,0,0,0,1,1,1.919999599456787,0.6523249745368958,35.63333333333333,40.38333333333333,5.76904761904762,1,0
3388,3388,3478,2233,12,39,1521,0,1,0,1,1,3.200000762939453,1.1631510257720947,37.21666666666667,56.46666666666667,8.066666666666666,1,0
3280,3280,3280,1905,16,36,1296,0,1,0,1,1,3.809999227523804,1.337628960609436,31.75,54.666666666666664,7.809523809523809,1,0
3376,3376,3376,375,13,56,3136,0,1,0,1,1,3.2100000381469727,1.1662709712982178,6.25,56.266666666666666,8.038095238095238,1,0
3458,3458,3458,1538,12,48,2304,0,1,0,1,1,2.309998750686645,0.8372470140457153,25.633333333333333,57.63333333333333,8.233333333333333,1,0
3710,3710,3710,788,16,34,1156,0,1,0,1,1,2.309998750686645,0.8372470140457153,13.133333333333333,61.833333333333336,8.833333333333334,1,0
3196,3196,3709,2293,10,33,1089,0,1,0,1,1,1.5399993658065796,0.4317820072174072,38.21666666666667,53.266666666666666,7.609523809523809,1,0
3206,3206,3236,838,17,48,2304,1,0,0,0,1,3.700000762939453,1.3083330392837524,13.966666666666667,53.43333333333333,7.633333333333334,1,0
2881,2881,4054,2866,8,31,961,1,1,1,1,1,2.159999370574951,0.7701079845428467,47.766666666666666,48.016666666666666,6.859523809523809,1,0
3113,3113,3218,2031,10,56,3136,0,1,0,1,1,1.8100003004074097,0.593326985836029,33.85,51.88333333333333,7.411904761904762,1,0
3128,3128,3128,1738,11,46,2116,0,1,0,1,1,2.2199995517730717,0.7975069880485535,28.966666666666665,52.13333333333333,7.447619047619047,1,0
3203,3203,3308,1525,10,38,1444,0,1,0,1,1,0.919999659061432,-0.0833820030093193,25.416666666666668,53.38333333333333,7.626190476190476,1,0
3330,3330,3815,330,12,23,529,0,1,0,0,1,2.7699990272521973,1.0188469886779783,5.5,55.5,7.928571428571429,1,0
4180,4180,4360,2570,10,30,900,1,0,0,1,1,16.629995346069336,2.8112080097198486,42.833333333333336,69.66666666666667,9.952380952380953,1,0
3368,3368,3368,1093,11,33,1089,0,1,0,1,1,2.309998750686645,0.8372470140457153,18.216666666666665,56.13333333333333,8.019047619047619,1,0
3295,3295,3295,2805,8,50,2500,0,1,0,1,1,4.159999847412109,1.425515055656433,46.75,54.916666666666664,7.845238095238096,1,0
3103,3103,3508,825,12,51,2601,0,1,0,1,1,1.959999084472656,0.6729440093040466,13.75,51.71666666666667,7.388095238095238,1,0
3373,3373,3441,68,16,35,1225,0,1,0,1,1,5.769999504089356,1.7526719570159912,1.1333333333333333,56.21666666666667,8.03095238095238,1,0
3210,3210,3210,3203,16,53,2809,0,1,0,1,1,3.3700008392333984,1.214913010597229,53.38333333333333,53.5,7.642857142857142,1,0
2698,2698,2698,1553,12,33,1089,0,1,0,1,1,2.8900015354156494,1.061257004737854,25.883333333333333,44.96666666666667,6.423809523809524,1,0
3633,3633,4608,1025,12,49,2401,0,1,0,1,1,2.3799989223480225,0.8671000003814697,17.083333333333332,60.55,8.65,1,0
2413,2413,2443,2701,8,44,1936,0,1,0,1,1,3.1500017642974854,1.1474030017852783,45.016666666666666,40.21666666666667,5.745238095238095,1,0
3818,3818,3878,125,12,28,784,0,1,0,1,1,0.550000011920929,-0.597836971282959,2.0833333333333335,63.63333333333333,9.09047619047619,1,0
3420,3420,3480,0,12,64,4096,1,1,0,1,1,3.4600014686584477,1.2412689924240112,0.0,57.0,8.142857142857142,1,0
3215,3215,3228,375,12,61,3721,0,1,0,1,1,3.4600014686584477,1.2412689924240112,6.25,53.583333333333336,7.654761904761904,1,0
2623,2623,3268,1920,12,32,1024,0,0,0,1,1,1.729999303817749,0.5481209754943848,32.0,43.71666666666667,6.245238095238095,1,0
2643,2643,2643,1408,11,34,1156,1,1,0,1,1,3.4600014686584477,1.2412689924240112,23.466666666666665,44.05,6.292857142857143,1,0
3353,3353,3353,1995,12,43,1849,0,1,0,1,1,2.4800009727478027,0.9082589745521544,33.25,55.88333333333333,7.983333333333333,1,0
3558,3558,3588,1600,17,25,625,1,1,0,1,1,2.999999046325684,1.0986119508743286,26.666666666666668,59.3,8.471428571428572,1,0
2828,2828,2978,1243,17,39,1521,0,1,0,1,1,5.769999504089356,1.7526719570159912,20.716666666666665,47.13333333333333,6.733333333333333,1,0
3148,3148,3208,1988,17,60,3600,1,1,0,1,1,25.39999771118164,3.2347490787506104,33.13333333333333,52.46666666666667,7.495238095238095,1,0
3773,3773,4148,0,12,25,625,0,1,0,1,1,2.309998750686645,0.8372470140457153,0.0,62.88333333333333,8.983333333333333,1,0
3405,3405,3518,375,14,55,3025,0,1,0,1,1,2.309998750686645,0.8372470140457153,6.25,56.75,8.107142857142858,1,0
3278,3278,3483,1051,17,45,2025,0,1,0,1,1,4.620001316070557,1.5303950309753418,17.516666666666666,54.63333333333333,7.804761904761905,1,0
2868,2868,3243,1733,8,52,2704,0,1,0,0,1,2.309998750686645,0.8372470140457153,28.883333333333333,47.8,6.828571428571428,1,0
3900,3900,4035,363,5,63,3969,0,0,0,0,1,4.620001316070557,1.5303950309753418,6.05,65.0,9.285714285714285,1,0
2508,2508,2621,1230,16,26,676,0,1,1,1,1,7.51000452041626,2.0162360668182373,20.5,41.8,5.9714285714285715,1,0
3555,3555,3555,1816,6,26,676,0,1,1,1,1,2.510000705718994,0.920283019542694,30.266666666666666,59.25,8.464285714285714,1,0
3630,3630,4155,625,8,58,3364,0,0,0,0,1,2.720000505447388,1.0006320476531982,10.416666666666666,60.5,8.642857142857142,1,0
3215,3215,3215,0,11,60,3600,0,0,0,1,1,1.1500000953674316,0.1397619992494583,0.0,53.583333333333336,7.654761904761904,1,0
3180,3180,3180,0,12,31,961,0,1,0,1,1,5.049998760223389,1.619387984275818,0.0,53.0,7.571428571428571,1,0
3938,3938,3938,588,12,57,3249,0,1,0,1,1,3.3800008296966557,1.2178759574890137,9.8,65.63333333333334,9.376190476190477,1,0
3466,3466,3565,1050,16,39,1521,0,1,0,1,1,2.8900015354156494,1.061257004737854,17.5,57.766666666666666,8.252380952380953,1,0
2678,2678,2678,800,15,25,625,0,1,1,1,1,0.919999659061432,-0.0833820030093193,13.333333333333334,44.63333333333333,6.376190476190476,1,0
3223,3223,3298,900,16,48,2304,0,1,0,1,1,2.309998750686645,0.8372470140457153,15.0,53.71666666666667,7.673809523809524,1,0
3428,3428,3493,638,17,28,784,0,1,0,1,1,3.0800013542175293,1.1249300241470337,10.633333333333333,57.13333333333333,8.161904761904761,1,0
3967,3967,4367,1751,6,37,1369,0,0,0,0,1,1.5399993658065796,0.4317820072174072,29.183333333333334,66.11666666666666,9.445238095238095,1,0
3525,3525,3650,900,12,49,2401,0,1,0,1,1,3.0800013542175293,1.1249300241470337,15.0,58.75,8.392857142857142,1,0
3143,3143,3353,900,12,48,2304,0,1,0,1,1,5.69999885559082,1.7404659986495972,15.0,52.38333333333333,7.483333333333333,1,0
3700,3700,3715,388,12,26,676,0,1,0,0,1,2.2199995517730717,0.7975069880485535,6.466666666666667,61.666666666666664,8.809523809523808,1,0
3245,3245,3245,305,17,27,729,0,1,1,1,1,6.220000743865967,1.8277699947357176,5.083333333333333,54.083333333333336,7.726190476190476,1,0
2010,2010,2495,808,12,40,1600,0,1,0,1,1,3.4600014686584477,1.2412689924240112,13.466666666666667,33.5,4.7857142857142865,1,0
3055,3055,3055,875,12,38,1444,0,1,0,1,1,2.309998750686645,0.8372470140457153,14.583333333333334,50.916666666666664,7.273809523809524,1,0
3458,3458,3628,613,12,40,1600,0,1,0,1,1,2.309998750686645,0.8372470140457153,10.216666666666667,57.63333333333333,8.233333333333333,1,0
4235,4235,4235,1183,12,30,900,0,1,1,1,1,2.080000162124634,0.732367992401123,19.716666666666665,70.58333333333333,10.083333333333334,1,0
3890,3890,3890,1050,16,30,900,0,1,1,1,1,2.309998750686645,0.8372470140457153,17.5,64.83333333333333,9.261904761904761,1,0
4005,4005,5280,520,10,34,1156,0,1,0,1,1,2.8900015354156494,1.061257004737854,8.666666666666666,66.75,9.535714285714285,1,0
3773,3773,3773,353,17,33,1089,0,1,0,1,1,23.09000968933105,3.139400005340576,5.883333333333334,62.88333333333333,8.983333333333333,1,0
3465,3465,3465,2700,10,26,676,0,1,1,1,1,11.550006866455078,2.446686029434204,45.0,57.75,8.25,1,0
3460,3460,3520,0,14,27,729,0,1,0,1,1,1.390000343322754,0.3293040096759796,0.0,57.666666666666664,8.238095238095237,1,0
3360,3360,3418,0,12,23,529,0,1,0,1,1,2.8900015354156494,1.061257004737854,0.0,56.0,8.0,1,0
3863,3863,4073,0,1,62,3844,0,1,0,0,1,1.919999599456787,0.6523249745368958,0.0,64.38333333333334,9.197619047619048,1,0
3105,3105,3305,0,17,39,1521,0,1,0,1,1,2.309998750686645,0.8372470140457153,0.0,51.75,7.392857142857142,1,0
3715,3715,4025,2443,17,34,1156,1,1,0,1,0,,,40.71666666666667,61.916666666666664,8.845238095238095,0,1
3450,3450,3450,995,15,44,1936,1,1,0,1,0,,,16.583333333333332,57.5,8.214285714285714,0,1
3735,3735,3735,1975,15,58,3364,1,1,0,1,0,,,32.916666666666664,62.25,8.892857142857142,0,1
4095,4095,4140,1313,16,29,841,0,1,0,1,0,,,21.883333333333333,68.25,9.75,0,1
2770,2770,2770,4000,12,39,1521,1,1,0,1,0,,,66.66666666666667,46.166666666666664,6.595238095238096,0,1
2760,2760,2760,3518,17,41,1681,1,1,0,1,0,,,58.63333333333333,46.0,6.571428571428571,0,1
4100,4100,4100,188,12,55,3025,1,1,0,1,0,,,3.1333333333333333,68.33333333333333,9.761904761904761,0,1
2800,2800,2800,0,12,28,784,0,1,1,1,0,,,0.0,46.666666666666664,6.666666666666667,0,1
2865,2865,2865,3438,12,41,1681,1,1,0,1,0,,,57.3,47.75,6.821428571428571,0,1
3430,3430,4127,1150,8,46,2116,1,1,0,1,0,,,19.166666666666668,57.166666666666664,8.166666666666666,0,1
4266,4266,4474,2880,5,56,3136,1,0,0,1,0,,,48.0,71.1,10.157142857142857,0,1
2911,2911,2911,2100,12,52,2704,0,0,0,1,0,,,35.0,48.516666666666666,6.93095238095238,0,1
2746,2746,2916,2740,12,33,1089,1,1,0,1,0,,,45.666666666666664,45.766666666666666,6.538095238095238,0,1
2663,2663,3038,0,9,47,2209,0,1,0,1,0,,,0.0,44.38333333333333,6.340476190476191,0,1
2940,2940,3390,2475,12,35,1225,1,1,0,1,0,,,41.25,49.0,7.0,0,1
2640,2640,2700,3180,16,27,729,1,1,1,1,0,,,53.0,44.0,6.2857142857142865,0,1
2930,2930,2930,1950,17,34,1156,0,1,0,1,0,,,32.5,48.833333333333336,6.976190476190476,0,1
2955,2955,2955,2225,14,26,676,0,0,0,1,0,,,37.083333333333336,49.25,7.0357142857142865,0,1
3595,3595,3595,2478,12,60,3600,1,1,0,1,0,,,41.3,59.916666666666664,8.559523809523808,0,1
2905,2905,2905,3648,12,27,729,1,1,1,1,0,,,60.8,48.416666666666664,6.916666666666667,0,1
2533,2533,2638,1565,12,42,1764,0,1,0,1,0,,,26.083333333333332,42.21666666666667,6.030952380952381,0,1
2820,2820,2820,3615,14,31,961,0,1,0,1,0,,,60.25,47.0,6.7142857142857135,0,1
2755,2755,3105,2705,11,29,841,1,0,0,0,0,,,45.083333333333336,45.916666666666664,6.559523809523809,0,1
2806,2806,2851,2476,12,31,961,1,1,1,1,0,,,41.266666666666666,46.766666666666666,6.68095238095238,0,1
4200,4200,4350,0,5,65,4225,1,1,0,0,0,,,0.0,70.0,10.0,0,1
2448,2448,2613,3325,16,41,1681,1,1,0,1,0,,,55.416666666666664,40.8,5.828571428571428,0,1
4095,4095,4095,1413,16,36,1296,1,1,0,1,0,,,23.55,68.25,9.75,0,1
2355,2355,2355,2726,14,54,2916,0,1,0,1,0,,,45.43333333333333,39.25,5.607142857142858,0,1
4050,4050,4140,0,13,24,576,0,1,0,1,0,,,0.0,67.5,9.642857142857142,0,1
3990,3990,4170,1725,7,56,3136,0,1,0,0,0,,,28.75,66.5,9.5,0,1
3975,3975,3975,0,12,28,784,0,1,0,1,0,,,0.0,66.25,9.464285714285715,0,1
2738,2738,2768,2475,10,41,1681,1,1,0,1,0,,,41.25,45.63333333333333,6.51904761904762,0,1
2848,2848,3073,638,16,24,576,0,1,0,1,0,,,10.633333333333333,47.46666666666667,6.780952380952381,0,1
2818,2818,2968,2505,12,32,1024,1,1,0,1,0,,,41.75,46.96666666666667,6.70952380952381,0,1
2470,2470,2470,2026,16,38,1444,1,1,0,1,0,,,33.766666666666666,41.166666666666664,5.8809523809523805,0,1
3855,3855,3895,360,17,33,1089,0,1,0,1,0,,,6.0,64.25,9.178571428571427,0,1
3803,3803,3953,2446,5,43,1849,1,1,0,1,0,,,40.766666666666666,63.38333333333333,9.054761904761905,0,1
2940,2940,2940,1725,17,41,1681,0,1,0,1,0,,,28.75,49.0,7.0,0,1
3791,3791,3871,2808,15,34,1156,1,0,0,1,0,,,46.8,63.18333333333333,9.026190476190475,0,1
3785,3785,3785,800,12,31,961,1,1,0,1,0,,,13.333333333333334,63.083333333333336,9.011904761904761,0,1
3755,3755,3755,1138,13,55,3025,1,1,0,1,0,,,18.966666666666665,62.583333333333336,8.940476190476192,0,1
3745,3745,3745,900,8,62,3844,0,1,0,1,0,,,15.0,62.416666666666664,8.916666666666666,0,1
3743,3743,3743,3118,17,54,2916,1,1,0,1,0,,,51.96666666666667,62.38333333333333,8.911904761904761,0,1
2113,2113,2293,2488,14,33,1089,1,1,0,1,0,,,41.46666666666667,35.21666666666667,5.030952380952381,0,1
4350,4350,5240,480,12,60,3600,1,1,0,1,0,,,8.0,72.5,10.357142857142858,0,1
3860,3860,3860,1334,12,28,784,0,0,0,0,0,,,22.233333333333334,64.33333333333333,9.190476190476192,0,1
2053,2053,2053,2276,12,32,1024,1,1,1,1,0,,,37.93333333333333,34.21666666666667,4.888095238095238,0,1
3705,3705,3705,940,12,32,1024,0,0,0,1,0,,,15.666666666666666,61.75,8.821428571428573,0,1
3703,3703,3793,2948,12,30,900,0,0,0,1,0,,,49.13333333333333,61.71666666666667,8.816666666666666,0,1
2381,2381,2471,2760,12,33,1089,0,0,0,1,0,,,46.0,39.68333333333333,5.669047619047619,0,1
3670,3670,3730,2175,14,38,1444,1,0,0,1,0,,,36.25,61.166666666666664,8.738095238095239,0,1
3655,3655,3655,460,16,47,2209,0,1,0,1,0,,,7.666666666666667,60.916666666666664,8.702380952380953,0,1
3650,3650,3650,1773,16,40,1600,0,1,0,1,0,,,29.55,60.833333333333336,8.690476190476192,0,1
3643,3643,3643,3085,11,28,784,1,1,0,1,0,,,51.416666666666664,60.71666666666667,8.673809523809524,0,1
3638,3638,3638,1375,11,27,729,0,1,0,1,0,,,22.916666666666668,60.63333333333333,8.661904761904761,0,1
3733,3733,3733,2288,16,28,784,1,1,1,1,0,,,38.13333333333333,62.21666666666667,8.88809523809524,0,1
3725,3725,3725,2616,9,44,1936,1,1,0,1,0,,,43.6,62.083333333333336,8.869047619047619,0,1
3630,3630,3780,875,16,25,625,0,1,0,1,0,,,14.583333333333334,60.5,8.642857142857142,0,1
3628,3628,3628,0,7,58,3364,1,0,0,0,0,,,0.0,60.46666666666667,8.63809523809524,0,1
3628,3628,3708,1013,16,28,784,0,1,0,1,0,,,16.883333333333333,60.46666666666667,8.63809523809524,0,1
3800,3800,4035,1925,5,52,2704,0,1,0,1,0,,,32.083333333333336,63.333333333333336,9.047619047619047,0,1
3615,3615,3615,2443,16,27,729,0,0,0,1,0,,,40.71666666666667,60.25,8.607142857142858,0,1
3600,3600,3690,2163,12,42,1764,1,1,0,1,0,,,36.05,60.0,8.571428571428573,0,1
3598,3598,3598,2376,14,56,3136,1,1,0,1,0,,,39.6,59.96666666666667,8.566666666666666,0,1
1740,1740,1785,2909,16,50,2500,1,1,0,1,0,,,48.483333333333334,29.0,4.142857142857143,0,1
3583,3583,3706,2508,12,64,4096,1,1,0,0,0,,,41.8,59.71666666666667,8.53095238095238,0,1
3580,3580,3580,3166,12,44,1936,1,1,0,1,0,,,52.766666666666666,59.666666666666664,8.523809523809524,0,1
2700,2700,2700,2206,14,33,1089,0,1,0,1,0,,,36.766666666666666,45.0,6.428571428571429,0,1
3565,3565,3815,2150,8,44,1936,0,1,0,1,0,,,35.833333333333336,59.416666666666664,8.488095238095237,0,1
3550,3550,3550,2455,16,24,576,1,0,0,1,0,,,40.916666666666664,59.166666666666664,8.452380952380953,0,1
3548,3548,3773,113,12,32,1024,0,1,0,1,0,,,1.8833333333333333,59.13333333333333,8.447619047619048,0,1
3543,3543,3543,1088,8,35,1225,0,1,0,1,0,,,18.133333333333333,59.05,8.435714285714287,0,1
3538,3538,3921,2388,14,54,2916,1,1,0,1,0,,,39.8,58.96666666666667,8.423809523809524,0,1
3530,3530,3530,4805,12,37,1369,1,1,0,1,0,,,80.08333333333333,58.833333333333336,8.404761904761905,0,1
3525,3525,3525,1933,16,28,784,1,1,0,1,0,,,32.21666666666667,58.75,8.392857142857142,0,1
3525,3525,3560,1950,5,51,2601,0,1,0,1,0,,,32.5,58.75,8.392857142857142,0,1
3523,3523,3523,1971,17,54,2916,1,1,0,1,0,,,32.85,58.71666666666667,8.388095238095238,0,1
3950,3950,3950,500,12,32,1024,1,1,0,1,0,,,8.333333333333334,65.83333333333333,9.404761904761905,0,1
4420,4420,4420,2450,10,38,1444,1,1,0,1,0,,,40.833333333333336,73.66666666666667,10.523809523809524,0,1
3871,3871,3991,2050,16,46,2116,1,0,0,1,0,,,34.166666666666664,64.51666666666667,9.216666666666667,0,1
3503,3503,3541,950,12,26,676,0,1,0,0,0,,,15.833333333333334,58.38333333333333,8.34047619047619,0,1
3498,3498,3724,1015,12,59,3481,1,1,0,1,0,,,16.916666666666668,58.3,8.32857142857143,0,1
3488,3488,4181,1715,8,50,2500,1,1,0,1,0,,,28.583333333333332,58.13333333333333,8.304761904761905,0,1
3480,3480,4005,1113,12,28,784,0,0,0,1,0,,,18.55,58.0,8.285714285714286,0,1
3478,3478,3478,1200,12,57,3249,1,1,0,1,0,,,20.0,57.96666666666667,8.28095238095238,0,1
3468,3468,3468,2871,16,26,676,1,1,0,1,0,,,47.85,57.8,8.257142857142858,0,1
3460,3460,3460,2250,9,56,3136,0,1,0,0,0,,,37.5,57.666666666666664,8.238095238095237,0,1
3455,3455,3513,2828,16,31,961,0,1,0,1,0,,,47.13333333333333,57.583333333333336,8.226190476190476,0,1
1546,1546,1576,3316,12,36,1296,0,1,0,1,0,,,55.266666666666666,25.766666666666666,3.680952380952381,0,1
3435,3435,3435,0,12,53,2809,0,0,0,0,0,,,0.0,57.25,8.178571428571429,0,1
3433,3433,3448,745,8,63,3969,1,1,0,0,0,,,12.416666666666666,57.21666666666667,8.173809523809524,0,1
755,755,1335,2663,12,23,529,0,0,0,1,0,,,44.38333333333333,12.583333333333334,1.7976190476190477,0,1
3423,3423,3423,3338,16,35,1225,1,1,0,1,0,,,55.63333333333333,57.05,8.15,0,1
3423,3423,3483,1588,8,61,3721,1,1,0,1,0,,,26.466666666666665,57.05,8.15,0,1
3420,3420,3895,830,17,32,1024,0,0,0,1,0,,,13.833333333333334,57.0,8.142857142857142,0,1
2793,2793,2883,1273,16,43,1849,1,1,0,1,0,,,21.216666666666665,46.55,6.65,0,1
3405,3405,4147,2145,13,43,1849,0,1,0,1,0,,,35.75,56.75,8.107142857142858,0,1
3405,3405,3405,1875,5,55,3025,1,1,0,1,0,,,31.25,56.75,8.107142857142858,0,1
3395,3395,3395,1988,17,32,1024,1,1,0,1,0,,,33.13333333333333,56.583333333333336,8.083333333333334,0,1
3391,3391,3477,2895,12,50,2500,1,1,0,1,0,,,48.25,56.516666666666666,8.073809523809524,0,1
3390,3390,3390,583,12,52,2704,0,1,0,1,0,,,9.716666666666667,56.5,8.071428571428571,0,1
3935,3935,4160,163,12,54,2916,1,1,0,1,0,,,2.716666666666667,65.58333333333333,9.369047619047619,0,1
3375,3375,3660,2905,12,40,1600,1,1,0,1,0,,,48.416666666666664,56.25,8.035714285714286,0,1
3360,3360,3495,3135,11,49,2401,0,0,0,0,0,,,52.25,56.0,8.0,0,1
3360,3360,3360,3075,10,50,2500,1,1,0,1,0,,,51.25,56.0,8.0,0,1
3355,3355,3655,0,10,24,576,1,1,1,0,0,,,0.0,55.916666666666664,7.988095238095238,0,1
2655,2655,2655,2688,13,25,625,1,0,0,1,0,,,44.8,44.25,6.321428571428571,0,1
3338,3338,3338,2263,12,44,1936,1,1,0,1,0,,,37.71666666666667,55.63333333333333,7.947619047619047,0,1
3338,3338,3338,2588,12,42,1764,1,1,0,1,0,,,43.13333333333333,55.63333333333333,7.947619047619047,0,1
3330,3330,3330,3148,12,37,1369,1,1,0,1,0,,,52.46666666666667,55.5,7.928571428571429,0,1
3326,3326,3326,2468,17,46,2116,1,1,0,1,0,,,41.13333333333333,55.43333333333333,7.919047619047619,0,1
3315,3315,3650,1525,10,29,841,1,1,0,1,0,,,25.416666666666668,55.25,7.892857142857142,0,1
3315,3315,3315,2948,12,35,1225,1,1,0,1,0,,,49.13333333333333,55.25,7.892857142857142,0,1
3310,3310,3348,0,12,25,625,0,1,0,1,0,,,0.0,55.166666666666664,7.8809523809523805,0,1
3310,3310,3505,2826,12,49,2401,1,1,0,1,0,,,47.1,55.166666666666664,7.8809523809523805,0,1
3308,3308,3443,2326,12,45,2025,1,1,0,1,0,,,38.766666666666666,55.13333333333333,7.876190476190476,0,1
3308,3308,3308,2820,17,25,625,1,1,0,1,0,,,47.0,55.13333333333333,7.876190476190476,0,1
3295,3295,3362,2513,12,57,3249,1,1,0,1,0,,,41.88333333333333,54.916666666666664,7.845238095238096,0,1
3295,3295,3295,3171,12,35,1225,1,1,0,1,0,,,52.85,54.916666666666664,7.845238095238096,0,1
3285,3285,3285,1325,17,31,961,0,1,0,1,0,,,22.083333333333332,54.75,7.821428571428571,0,1
3285,3285,3285,2493,15,55,3025,1,1,0,1,0,,,41.55,54.75,7.821428571428571,0,1
3271,3271,3271,3441,16,24,576,0,0,0,1,0,,,57.35,54.516666666666666,7.788095238095238,0,1
3268,3268,3268,1238,8,58,3364,1,1,0,1,0,,,20.633333333333333,54.46666666666667,7.780952380952381,0,1
3261,3261,3261,2588,17,52,2704,1,1,0,1,0,,,43.13333333333333,54.35,7.764285714285714,0,1
3260,3260,3260,3590,17,33,1089,1,1,0,1,0,,,59.833333333333336,54.333333333333336,7.761904761904762,0,1
3255,3255,3255,1548,11,39,1521,0,1,0,1,0,,,25.8,54.25,7.75,0,1
3248,3248,3368,3190,9,25,625,1,0,0,1,0,,,53.166666666666664,54.13333333333333,7.733333333333333,0,1
3236,3236,3649,2350,16,25,625,0,0,0,1,0,,,39.166666666666664,53.93333333333333,7.704761904761905,0,1
3235,3235,3685,0,16,30,900,0,1,1,1,0,,,0.0,53.916666666666664,7.7023809523809526,0,1
3230,3230,3270,2150,17,25,625,1,1,0,1,0,,,35.833333333333336,53.833333333333336,7.690476190476191,0,1
3225,3225,4538,2535,16,42,1764,1,1,0,1,0,,,42.25,53.75,7.678571428571429,0,1
3225,3225,3225,638,12,35,1225,1,1,0,1,0,,,10.633333333333333,53.75,7.678571428571429,0,1
3225,3225,3777,2260,12,59,3481,0,1,0,0,0,,,37.666666666666664,53.75,7.678571428571429,0,1
3218,3218,3218,3275,12,42,1764,1,1,1,1,0,,,54.583333333333336,53.63333333333333,7.661904761904762,0,1
3218,3218,3218,1013,12,59,3481,0,1,0,1,0,,,16.883333333333333,53.63333333333333,7.661904761904762,0,1
3210,3210,3210,2433,16,32,1024,1,1,0,1,0,,,40.55,53.5,7.642857142857142,0,1
3203,3203,3203,2450,17,49,2401,1,0,0,1,0,,,40.833333333333336,53.38333333333333,7.626190476190476,0,1
3201,3201,3321,2298,14,54,2916,1,1,0,1,0,,,38.3,53.35,7.621428571428571,0,1
3200,3200,3200,2363,9,58,3364,1,1,0,1,0,,,39.38333333333333,53.333333333333336,7.6190476190476195,0,1
3195,3195,3195,1578,14,38,1444,1,1,0,1,0,,,26.3,53.25,7.607142857142858,0,1
3190,3190,3250,2500,8,50,2500,0,1,0,1,0,,,41.666666666666664,53.166666666666664,7.595238095238096,0,1
3188,3188,3238,2526,17,46,2116,0,1,0,1,0,,,42.1,53.13333333333333,7.590476190476191,0,1
3188,3188,3188,2538,12,38,1444,1,1,0,1,0,,,42.3,53.13333333333333,7.590476190476191,0,1
3181,3181,3181,2393,12,39,1521,1,1,1,1,0,,,39.88333333333333,53.016666666666666,7.573809523809524,0,1
3176,3176,3176,2163,17,31,961,0,1,0,1,0,,,36.05,52.93333333333333,7.561904761904762,0,1
3175,3175,3175,3481,13,42,1764,1,1,0,1,0,,,58.016666666666666,52.916666666666664,7.559523809523809,0,1
3165,3165,3300,2163,16,30,900,1,1,0,1,0,,,36.05,52.75,7.5357142857142865,0,1
3390,3390,3390,3421,16,27,729,1,0,0,0,0,,,57.016666666666666,56.5,8.071428571428571,0,1
3630,3630,3630,2300,14,54,2916,1,1,0,1,0,,,38.333333333333336,60.5,8.642857142857142,0,1
3150,3150,3270,1188,17,64,4096,1,1,0,1,0,,,19.8,52.5,7.5,0,1
3140,3140,3140,2666,9,43,1849,1,1,0,1,0,,,44.43333333333333,52.333333333333336,7.476190476190476,0,1
3135,3135,3278,1538,12,29,841,1,1,0,1,0,,,25.633333333333333,52.25,7.4642857142857135,0,1
3615,3615,3615,1888,12,34,1156,1,1,1,1,0,,,31.466666666666665,60.25,8.607142857142858,0,1
3110,3110,3185,0,16,23,529,0,1,1,1,0,,,0.0,51.833333333333336,7.404761904761904,0,1
3095,3095,3095,2293,15,31,961,1,0,0,1,0,,,38.21666666666667,51.583333333333336,7.3690476190476195,0,1
3090,3090,3499,538,13,44,1936,0,1,0,1,0,,,8.966666666666667,51.5,7.357142857142858,0,1
3073,3073,3298,2351,17,57,3249,1,1,0,1,0,,,39.18333333333333,51.21666666666667,7.316666666666666,0,1
3068,3068,3068,2373,12,31,961,0,0,0,1,0,,,39.55,51.13333333333333,7.304761904761905,0,1
3065,3065,3140,2148,14,23,529,0,1,1,1,0,,,35.8,51.083333333333336,7.2976190476190474,0,1
3573,3573,3573,2013,14,29,841,1,1,0,1,0,,,33.55,59.55,8.507142857142858,0,1
3060,3060,3330,2603,12,50,2500,1,1,0,1,0,,,43.38333333333333,51.0,7.2857142857142865,0,1
3040,3040,3725,1510,12,25,625,0,0,1,1,0,,,25.166666666666668,50.666666666666664,7.238095238095238,0,1
3028,3028,3116,2513,16,44,1936,1,1,0,1,0,,,41.88333333333333,50.46666666666667,7.20952380952381,0,1
3023,3023,3143,2418,16,29,841,1,1,1,1,0,,,40.3,50.38333333333333,7.197619047619047,0,1
3023,3023,3023,2281,16,36,1296,0,1,0,1,0,,,38.016666666666666,50.38333333333333,7.197619047619047,0,1
3015,3015,3150,1183,10,47,2209,0,1,0,1,0,,,19.716666666666665,50.25,7.178571428571429,0,1
3008,3008,3173,2275,10,52,2704,0,1,0,0,0,,,37.916666666666664,50.13333333333333,7.161904761904762,0,1
2993,2993,2993,2725,17,61,3721,1,1,0,1,0,,,45.416666666666664,49.88333333333333,7.126190476190476,0,1
2985,2985,3105,2388,16,32,1024,0,0,0,1,0,,,39.8,49.75,7.107142857142858,0,1
2985,2985,3385,2026,12,45,2025,0,1,0,1,0,,,33.766666666666666,49.75,7.107142857142858,0,1
3520,3520,3535,675,10,34,1156,1,1,0,0,0,,,11.25,58.666666666666664,8.380952380952381,0,1
3510,3510,3510,1851,12,37,1369,0,1,0,1,0,,,30.85,58.5,8.357142857142858,0,1
2970,2970,3000,1961,17,54,2916,0,1,0,1,0,,,32.68333333333333,49.5,7.071428571428571,0,1
2970,2970,3415,2363,16,30,900,0,1,1,1,0,,,39.38333333333333,49.5,7.071428571428571,0,1
